sensor_code,timestamp,reading_value,weather_condition
SENSOR_0027,2025-12-16 18:00:00,5.35,Sunny
SENSOR_0010,2025-12-11 05:00:00,22.49,Hot
SENSOR_0033,2026-01-03 02:00:00,19.69,Cold
SENSOR_0048,2025-12-17 03:00:00,442.6,Hot
SENSOR_0032,2025-12-10 12:00:00,35.27,Rainy
SENSOR_0030,2025-12-15 23:00:00,11.66,Sunny
SENSOR_0006,2026-01-01 08:00:00,33.46,Cloudy
SENSOR_0008,2025-12-17 03:00:00,92.0,Cold
SENSOR_0025,2026-01-04 12:00:00,67.29,Rainy
SENSOR_0039,2026-01-05 00:00:00,118.17,Cloudy
SENSOR_0018,2026-01-03 16:00:00,82.22,Hot
SENSOR_0034,2025-12-28 17:00:00,32.53,Cloudy
SENSOR_0032,2025-12-24 12:00:00,415.47,Sunny
SENSOR_0040,2025-12-14 09:00:00,16.67,Cloudy
SENSOR_0003,2025-12-13 23:00:00,,Rainy
SENSOR_0048,2026-01-07 16:00:00,26.026424896339304,Rainy
SENSOR_0007,2025-12-26 05:00:00,367.57,Rainy
SENSOR_0001,2025-12-15 09:00:00,30.88,Hot
SENSOR_0050,2025-12-12 03:00:00,7.46,Cold
SENSOR_0009,2026-01-01 01:00:00,103.03,Rainy
SENSOR_0012,2026-01-06 06:00:00,23.1,Hot
SENSOR_0024,2025-12-14 14:00:00,63.86,Cloudy
SENSOR_0050,2025-12-12 14:00:00,271.42,Cold
SENSOR_0027,2025-12-19 03:00:00,96.6,Sunny
SENSOR_0040,2025-12-27 22:00:00,48.64,Sunny
SENSOR_0023,2025-12-25 15:00:00,38.67,Hot
SENSOR_0026,2025-12-25 21:00:00,77.05,Hot
SENSOR_0024,2025-12-22 00:00:00,230.82,Rainy
SENSOR_0007,2025-12-31 08:00:00,39.34,Rainy
SENSOR_0017,2026-01-08 16:00:00,132.12,Rainy
SENSOR_0004,2026-01-04 13:00:00,270.176511648252,Cloudy
SENSOR_0019,2025-12-24 00:00:00,44.88,Rainy
SENSOR_0049,2025-12-19 23:00:00,95.53,Rainy
SENSOR_0012,2026-01-07 16:00:00,39.26,Hot
SENSOR_0016,2025-12-24 11:00:00,35.75,Hot
SENSOR_0020,2026-01-05 16:00:00,106.04,Cloudy
SENSOR_0042,2025-12-15 18:00:00,20.02,Cold
SENSOR_0009,2025-12-21 20:00:00,36.88,Cold
SENSOR_0027,2026-01-05 16:00:00,104.58,Cloudy
SENSOR_0045,2026-01-02 19:00:00,25.8,Cold
SENSOR_0004,2025-12-19 21:00:00,31.94,Cloudy
SENSOR_0022,2025-12-26 19:00:00,90.15,Hot
SENSOR_0046,2025-12-18 10:00:00,34.3,Rainy
SENSOR_0041,2026-01-04 04:00:00,35.34,Sunny
SENSOR_0031,2025-12-25 15:00:00,205.35347295130418,Cloudy
SENSOR_0028,2025-12-10 18:00:00,19.08417695205976,Cloudy
SENSOR_0041,2025-12-13 04:00:00,41.19,Cold
SENSOR_0012,2025-12-13 09:00:00,108.81,Rainy
SENSOR_0019,2025-12-23 03:00:00,55.31,Rainy
SENSOR_0048,2026-01-05 00:00:00,,Cold
SENSOR_0047,2025-12-27 10:00:00,1.93,Rainy
SENSOR_0046,2025-12-24 19:00:00,296.74,Rainy
SENSOR_0046,2025-12-24 05:00:00,155.95,Rainy
SENSOR_0005,2025-12-19 21:00:00,38.99,Cold
SENSOR_0008,2025-12-26 11:00:00,94.43,Sunny
SENSOR_0014,2026-01-07 01:00:00,67.18,Cold
SENSOR_0040,2025-12-28 17:00:00,316.95,Rainy
SENSOR_0042,2025-12-31 17:00:00,253.23,Cold
SENSOR_0004,2026-01-06 01:00:00,162.2,Sunny
SENSOR_0050,2025-12-18 13:00:00,39.42,Hot
SENSOR_0041,2026-01-05 14:00:00,42.32,Hot
SENSOR_0025,2025-12-16 13:00:00,21.6,Cold
SENSOR_0012,2025-12-16 07:00:00,437.43,Cloudy
SENSOR_0012,2026-01-01 05:00:00,59.35,Cloudy
SENSOR_0015,2025-12-24 20:00:00,85.95,Hot
SENSOR_0031,2025-12-22 12:00:00,107.47,Hot
SENSOR_0050,2025-12-27 03:00:00,108.81,Hot
SENSOR_0034,2025-12-27 20:00:00,121.04,Hot
SENSOR_0011,2025-12-14 18:00:00,,Hot
SENSOR_0042,2026-01-08 16:00:00,45.11,Hot
SENSOR_0038,2026-01-05 01:00:00,32.12,Cold
SENSOR_0006,2025-12-11 00:00:00,,Cold
SENSOR_0007,2025-12-27 05:00:00,86.99,Rainy
SENSOR_0011,2026-01-06 16:00:00,30.17,Cloudy
SENSOR_0006,2025-12-14 18:00:00,62.3,Hot
SENSOR_0001,2025-12-13 14:00:00,445.05,Cloudy
SENSOR_0040,2026-01-07 10:00:00,81.72,Cold
SENSOR_0019,2026-01-06 00:00:00,61.56,Cold
SENSOR_0018,2026-01-05 09:00:00,95.56,Cloudy
SENSOR_0035,2025-12-25 14:00:00,55.4,Cloudy
SENSOR_0048,2025-12-27 21:00:00,91.56,Hot
SENSOR_0045,2025-12-25 17:00:00,1.88,Sunny
SENSOR_0027,2025-12-15 18:00:00,75.52,Hot
SENSOR_0022,2025-12-15 09:00:00,42.45,Sunny
SENSOR_0015,2026-01-02 19:00:00,59.57977781792662,Sunny
SENSOR_0023,2025-12-30 02:00:00,13.54,Rainy
SENSOR_0004,2025-12-12 08:00:00,35.52,Sunny
SENSOR_0016,2025-12-20 16:00:00,42.68,Hot
SENSOR_0047,2026-01-02 10:00:00,82.52,Cold
SENSOR_0029,2026-01-07 23:00:00,83.87,Rainy
SENSOR_0049,2026-01-01 21:00:00,44.6,Cloudy
SENSOR_0037,2026-01-07 21:00:00,94.18,Rainy
SENSOR_0002,2025-12-29 08:00:00,28.55,Rainy
SENSOR_0044,2026-01-06 15:00:00,,Sunny
SENSOR_0006,2025-12-11 01:00:00,85.77,Cold
SENSOR_0045,2026-01-02 05:00:00,56.77,Sunny
SENSOR_0012,2026-01-04 22:00:00,,Hot
SENSOR_0044,2026-01-03 03:00:00,83.53,Cold
SENSOR_0015,2025-12-11 00:00:00,6.15,Cold
SENSOR_0031,2026-01-08 09:00:00,93.71,Rainy
SENSOR_0019,2026-01-01 17:00:00,37.7,Sunny
SENSOR_0017,2026-01-01 18:00:00,,Cold
SENSOR_0003,2025-12-27 14:00:00,42.56,Sunny
SENSOR_0021,2026-01-07 07:00:00,9.87,Cold
SENSOR_0015,2026-01-03 00:00:00,82.79,Sunny
SENSOR_0013,2026-01-01 10:00:00,114.34,Hot
SENSOR_0034,2025-12-20 15:00:00,394.47,Hot
SENSOR_0040,2025-12-20 04:00:00,28.4,Cloudy
SENSOR_0001,2026-01-04 13:00:00,82.89,Hot
SENSOR_0015,2026-01-08 17:00:00,59.37,Rainy
SENSOR_0022,2026-01-08 06:00:00,93.0,Rainy
SENSOR_0029,2025-12-15 10:00:00,36.03,Rainy
SENSOR_0010,2025-12-22 22:00:00,103.87,Cloudy
SENSOR_0041,2025-12-19 09:00:00,105.57,Rainy
SENSOR_0048,2025-12-29 05:00:00,2.57,Hot
SENSOR_0005,2025-12-31 18:00:00,16.72,Cloudy
SENSOR_0039,2025-12-15 02:00:00,3.81,Sunny
SENSOR_0042,2025-12-29 11:00:00,40.25,Sunny
SENSOR_0016,2025-12-19 08:00:00,75.84,Hot
SENSOR_0022,2025-12-26 00:00:00,85.37,Sunny
SENSOR_0005,2025-12-26 18:00:00,12.81013899980735,Cloudy
SENSOR_0011,2026-01-06 02:00:00,75.68,Hot
SENSOR_0003,2025-12-31 17:00:00,90.42,Rainy
SENSOR_0033,2026-01-07 10:00:00,22.59,Cold
SENSOR_0017,2025-12-31 00:00:00,24.71,Sunny
SENSOR_0010,2025-12-29 17:00:00,83.76,Hot
SENSOR_0009,2025-12-14 03:00:00,14.56,Rainy
SENSOR_0015,2025-12-21 03:00:00,127.76,Cloudy
SENSOR_0033,2026-01-04 12:00:00,79.33,Cold
SENSOR_0038,2025-12-25 21:00:00,12.83,Cloudy
SENSOR_0033,2025-12-24 16:00:00,17.24,Cloudy
SENSOR_0009,2025-12-29 18:00:00,92.06,Cold
SENSOR_0010,2025-12-27 21:00:00,29.15,Cloudy
SENSOR_0024,2025-12-15 08:00:00,,Hot
SENSOR_0028,2025-12-14 09:00:00,51.72,Cold
SENSOR_0003,2026-01-03 18:00:00,354.18,Hot
SENSOR_0037,2025-12-15 17:00:00,122.94,Sunny
SENSOR_0022,2025-12-30 03:00:00,68.98,Hot
SENSOR_0044,2026-01-06 09:00:00,75.23,Cold
SENSOR_0015,2025-12-15 21:00:00,,Cloudy
SENSOR_0039,2025-12-24 14:00:00,58.15,Rainy
SENSOR_0045,2025-12-18 16:00:00,0.06,Rainy
SENSOR_0043,2025-12-17 06:00:00,93.13,Cold
SENSOR_0003,2025-12-20 23:00:00,18.89,Cold
SENSOR_0047,2025-12-26 10:00:00,99.58,Rainy
SENSOR_0039,2026-01-06 23:00:00,,Cloudy
SENSOR_0049,2025-12-18 08:00:00,429.62,Sunny
SENSOR_0007,2025-12-22 04:00:00,,Rainy
SENSOR_0021,2025-12-14 02:00:00,27.27,Cloudy
SENSOR_0035,2025-12-21 01:00:00,,Cold
SENSOR_0004,2026-01-01 20:00:00,101.27,Cold
SENSOR_0011,2026-01-08 06:00:00,110.39,Cloudy
SENSOR_0013,2025-12-24 20:00:00,214.93,Hot
SENSOR_0041,2025-12-23 16:00:00,40.01,Cloudy
SENSOR_0001,2025-12-26 03:00:00,39.62,Sunny
SENSOR_0004,2025-12-10 20:00:00,232.4,Sunny
SENSOR_0043,2025-12-20 19:00:00,39.26,Sunny
SENSOR_0008,2026-01-08 19:00:00,7.11,Hot
SENSOR_0039,2025-12-15 10:00:00,84.13,Hot
SENSOR_0041,2025-12-14 16:00:00,72.58,Cold
SENSOR_0029,2025-12-16 23:00:00,111.54,Cloudy
SENSOR_0005,2025-12-25 20:00:00,8.46,Hot
SENSOR_0023,2025-12-26 15:00:00,65.02,Cloudy
SENSOR_0005,2025-12-27 12:00:00,67.98,Sunny
SENSOR_0014,2026-01-01 08:00:00,257.82,Cold
SENSOR_0018,2026-01-01 23:00:00,67.8,Sunny
SENSOR_0006,2025-12-17 14:00:00,100.19,Hot
SENSOR_0015,2026-01-05 10:00:00,57.69,Sunny
SENSOR_0028,2025-12-25 10:00:00,6.85,Rainy
SENSOR_0025,2025-12-16 07:00:00,443.78,Sunny
SENSOR_0041,2026-01-04 18:00:00,83.5,Cold
SENSOR_0013,2025-12-15 21:00:00,44.41,Cold
SENSOR_0037,2025-12-10 14:00:00,112.57264954074822,Hot
SENSOR_0019,2026-01-05 16:00:00,58.98,Cold
SENSOR_0017,2025-12-26 10:00:00,42.36,Sunny
SENSOR_0013,2025-12-13 23:00:00,417.04,Sunny
SENSOR_0033,2025-12-25 10:00:00,3.91,Hot
SENSOR_0016,2025-12-24 00:00:00,77.85,Sunny
SENSOR_0038,2025-12-27 09:00:00,18.24,Rainy
SENSOR_0025,2025-12-24 18:00:00,0.78,Rainy
SENSOR_0033,2025-12-13 22:00:00,160.72,Rainy
SENSOR_0041,2025-12-28 05:00:00,26.51,Hot
SENSOR_0027,2025-12-16 03:00:00,73.32,Sunny
SENSOR_0006,2025-12-28 22:00:00,80.62,Rainy
SENSOR_0015,2025-12-12 02:00:00,76.32,Cloudy
SENSOR_0042,2026-01-08 02:00:00,96.88,Cold
SENSOR_0044,2025-12-25 01:00:00,24.27,Rainy
SENSOR_0042,2026-01-06 00:00:00,26.8,Sunny
SENSOR_0009,2025-12-12 08:00:00,36.19,Cold
SENSOR_0003,2025-12-21 16:00:00,113.1,Cold
SENSOR_0029,2026-01-04 11:00:00,16.41,Sunny
SENSOR_0006,2025-12-19 03:00:00,485.75,Rainy
SENSOR_0043,2026-01-03 10:00:00,22.91,Cold
SENSOR_0028,2025-12-24 03:00:00,80.89,Rainy
SENSOR_0009,2025-12-21 23:00:00,17.07,Rainy
SENSOR_0026,2025-12-14 20:00:00,61.1,Sunny
SENSOR_0040,2025-12-25 09:00:00,28.54,Sunny
SENSOR_0048,2025-12-31 15:00:00,19.68,Sunny
SENSOR_0031,2025-12-22 05:00:00,10.54,Sunny
SENSOR_0004,2025-12-15 00:00:00,0.15,Rainy
SENSOR_0026,2025-12-12 21:00:00,91.75,Cloudy
SENSOR_0027,2025-12-09 20:00:00,1100.7945768870668,Rainy
SENSOR_0049,2025-12-14 12:00:00,377.39,Sunny
SENSOR_0048,2025-12-12 19:00:00,37.55,Cloudy
SENSOR_0024,2025-12-13 08:00:00,360.65,Rainy
SENSOR_0048,2025-12-31 21:00:00,215.59,Sunny
SENSOR_0023,2025-12-12 15:00:00,392.71,Cloudy
SENSOR_0023,2025-12-12 04:00:00,180.63,Rainy
SENSOR_0001,2025-12-11 13:00:00,316.92,Rainy
SENSOR_0015,2025-12-13 08:00:00,7.46,Rainy
SENSOR_0031,2026-01-08 04:00:00,43.39,Cold
SENSOR_0005,2025-12-24 02:00:00,5.19,Sunny
SENSOR_0001,2025-12-29 05:00:00,395.32,Hot
SENSOR_0019,2025-12-26 18:00:00,85.36,Cloudy
SENSOR_0046,2025-12-21 11:00:00,15.5,Rainy
SENSOR_0032,2025-12-25 15:00:00,,Rainy
SENSOR_0046,2025-12-29 09:00:00,22.7,Cold
SENSOR_0012,2025-12-24 09:00:00,66.04,Cold
SENSOR_0025,2025-12-15 00:00:00,352.53,Rainy
SENSOR_0032,2025-12-29 21:00:00,93.34,Rainy
SENSOR_0014,2025-12-30 04:00:00,19.43,Hot
SENSOR_0015,2025-12-16 07:00:00,176.49,Cold
SENSOR_0043,2026-01-05 23:00:00,65.23,Rainy
SENSOR_0029,2025-12-24 15:00:00,188.29509700863693,Rainy
SENSOR_0028,2025-12-11 08:00:00,36.52,Hot
SENSOR_0020,2026-01-08 12:00:00,66.33,Sunny
SENSOR_0006,2025-12-29 16:00:00,,Hot
SENSOR_0032,2025-12-16 20:00:00,82.33,Sunny
SENSOR_0029,2025-12-24 01:00:00,74.81,Rainy
SENSOR_0014,2025-12-21 18:00:00,67.3,Rainy
SENSOR_0017,2025-12-11 03:00:00,,Cloudy
SENSOR_0032,2026-01-05 04:00:00,467.92,Hot
SENSOR_0006,2025-12-18 21:00:00,103.08,Cloudy
SENSOR_0001,2026-01-02 10:00:00,5.0,Rainy
SENSOR_0032,2025-12-19 13:00:00,50.8,Hot
SENSOR_0042,2025-12-14 02:00:00,22.39,Cloudy
SENSOR_0042,2025-12-21 11:00:00,121.02,Cloudy
SENSOR_0015,2025-12-17 20:00:00,110.23,Rainy
SENSOR_0029,2025-12-12 08:00:00,25.49,Cold
SENSOR_0049,2025-12-26 12:00:00,77.26,Rainy
SENSOR_0042,2025-12-20 21:00:00,40.3,Rainy
SENSOR_0034,2026-01-03 10:00:00,36.19,Hot
SENSOR_0019,2025-12-17 18:00:00,45.51,Sunny
SENSOR_0018,2025-12-25 11:00:00,25.58,Sunny
SENSOR_0044,2025-12-19 23:00:00,76.11,Cold
SENSOR_0041,2025-12-22 09:00:00,36.1,Cold
SENSOR_0001,2025-12-29 05:00:00,26.04,Rainy
SENSOR_0038,2025-12-22 05:00:00,67.5,Sunny
SENSOR_0044,2025-12-25 08:00:00,100.19,Rainy
SENSOR_0007,2025-12-21 01:00:00,68.25,Sunny
SENSOR_0028,2025-12-17 13:00:00,303.31,Sunny
SENSOR_0017,2025-12-22 11:00:00,56.21,Cold
SENSOR_0006,2026-01-06 00:00:00,33.3,Hot
SENSOR_0041,2026-01-01 07:00:00,,Cloudy
SENSOR_0022,2025-12-18 05:00:00,22.85,Cloudy
SENSOR_0011,2025-12-24 00:00:00,281.31,Sunny
SENSOR_0006,2025-12-18 19:00:00,31.92,Hot
SENSOR_0011,2025-12-25 23:00:00,,Sunny
SENSOR_0015,2025-12-25 05:00:00,45.99,Hot
SENSOR_0050,2025-12-21 13:00:00,57.36,Hot
SENSOR_0036,2025-12-24 10:00:00,6.83,Sunny
SENSOR_0032,2025-12-21 20:00:00,112.44,Rainy
SENSOR_0029,2025-12-23 08:00:00,,Sunny
SENSOR_0048,2025-12-11 08:00:00,350.19,Hot
SENSOR_0041,2025-12-11 04:00:00,108.67,Cloudy
SENSOR_0041,2026-01-03 15:00:00,352.86,Rainy
SENSOR_0036,2025-12-22 22:00:00,42.84,Cloudy
SENSOR_0037,2026-01-05 18:00:00,51.39,Cold
SENSOR_0022,2025-12-14 14:00:00,18.74,Rainy
SENSOR_0007,2025-12-20 18:00:00,288.32,Cloudy
SENSOR_0016,2026-01-07 04:00:00,16.08,Sunny
SENSOR_0028,2025-12-24 13:00:00,17.97,Cold
SENSOR_0042,2025-12-22 12:00:00,29.74,Sunny
SENSOR_0023,2026-01-02 01:00:00,34.42,Rainy
SENSOR_0034,2025-12-25 05:00:00,26.2,Sunny
SENSOR_0027,2025-12-21 13:00:00,108.47,Rainy
SENSOR_0025,2025-12-15 14:00:00,30.42,Cloudy
SENSOR_0043,2026-01-06 07:00:00,38.23,Rainy
SENSOR_0020,2026-01-01 21:00:00,12.2,Rainy
SENSOR_0027,2025-12-25 09:00:00,65.21,Rainy
SENSOR_0002,2025-12-10 01:00:00,30.21,Rainy
SENSOR_0029,2025-12-18 01:00:00,9.82,Sunny
SENSOR_0001,2026-01-01 14:00:00,11.56,Sunny
SENSOR_0040,2025-12-20 14:00:00,20.23,Hot
SENSOR_0039,2025-12-20 05:00:00,62.52,Cloudy
SENSOR_0029,2025-12-27 12:00:00,60.9,Sunny
SENSOR_0003,2025-12-30 22:00:00,49.35,Cold
SENSOR_0040,2026-01-04 19:00:00,64.52,Rainy
SENSOR_0003,2025-12-28 05:00:00,101.47,Sunny
SENSOR_0008,2025-12-16 03:00:00,64.36,Cloudy
SENSOR_0035,2025-12-18 11:00:00,164.52,Cold
SENSOR_0004,2025-12-31 08:00:00,18.61,Sunny
SENSOR_0032,2025-12-10 23:00:00,55.32,Sunny
SENSOR_0025,2026-01-07 22:00:00,33.48,Cloudy
SENSOR_0013,2025-12-14 14:00:00,68.8,Cloudy
SENSOR_0045,2025-12-26 11:00:00,33.89,Hot
SENSOR_0039,2025-12-31 14:00:00,,Cloudy
SENSOR_0038,2025-12-30 12:00:00,119.6,Cloudy
SENSOR_0027,2025-12-24 08:00:00,41.86,Cold
SENSOR_0009,2025-12-16 09:00:00,342.8,Cold
SENSOR_0028,2025-12-19 22:00:00,34.78,Cold
SENSOR_0036,2026-01-07 08:00:00,29.05,Cold
SENSOR_0047,2026-01-03 10:00:00,195.95,Cloudy
SENSOR_0014,2025-12-17 22:00:00,,Sunny
SENSOR_0035,2026-01-06 16:00:00,407.74,Rainy
SENSOR_0018,2025-12-11 18:00:00,355.6064317058622,Rainy
SENSOR_0027,2025-12-24 00:00:00,39.44,Cloudy
SENSOR_0040,2025-12-20 22:00:00,39.54,Hot
SENSOR_0048,2025-12-22 05:00:00,107.12,Sunny
SENSOR_0012,2026-01-05 19:00:00,29.13,Cold
SENSOR_0026,2026-01-08 04:00:00,26.52,Cold
SENSOR_0004,2025-12-13 04:00:00,92.14,Sunny
SENSOR_0008,2025-12-29 23:00:00,497.12,Rainy
SENSOR_0029,2025-12-19 10:00:00,12.54,Cold
SENSOR_0020,2025-12-27 10:00:00,80.81,Cloudy
SENSOR_0005,2025-12-22 00:00:00,81.09,Sunny
SENSOR_0045,2025-12-24 09:00:00,463.64,Cold
SENSOR_0020,2025-12-25 13:00:00,98.9,Cold
SENSOR_0028,2025-12-15 08:00:00,88.1,Rainy
SENSOR_0006,2025-12-29 06:00:00,54.03,Hot
SENSOR_0048,2025-12-27 14:00:00,162.89,Sunny
SENSOR_0029,2025-12-25 11:00:00,352.26,Cloudy
SENSOR_0007,2025-12-30 18:00:00,75.88,Cloudy
SENSOR_0004,2026-01-02 13:00:00,74.4,Cloudy
SENSOR_0020,2025-12-18 15:00:00,94.48,Cold
SENSOR_0010,2025-12-16 11:00:00,15.8,Cloudy
SENSOR_0017,2025-12-22 21:00:00,,Sunny
SENSOR_0038,2025-12-14 08:00:00,30.49,Cloudy
SENSOR_0010,2025-12-10 01:00:00,79.23,Cloudy
SENSOR_0048,2025-12-17 13:00:00,110.93,Hot
SENSOR_0010,2025-12-25 19:00:00,39.63,Rainy
SENSOR_0045,2025-12-27 20:00:00,72.46,Cold
SENSOR_0048,2026-01-02 00:00:00,492.95,Hot
SENSOR_0026,2025-12-17 04:00:00,98.01,Cloudy
SENSOR_0030,2025-12-11 10:00:00,320.02,Rainy
SENSOR_0008,2025-12-23 08:00:00,74.67,Rainy
SENSOR_0047,2026-01-07 09:00:00,116.54,Sunny
SENSOR_0009,2025-12-21 03:00:00,,Cloudy
SENSOR_0042,2025-12-19 10:00:00,92.85,Rainy
SENSOR_0043,2025-12-15 09:00:00,90.56,Cloudy
SENSOR_0017,2025-12-15 18:00:00,37.75,Hot
SENSOR_0003,2025-12-29 02:00:00,93.46,Sunny
SENSOR_0013,2025-12-12 15:00:00,96.09,Sunny
SENSOR_0035,2026-01-02 14:00:00,110.8,Cold
SENSOR_0044,2025-12-10 22:00:00,353.17,Cloudy
SENSOR_0041,2025-12-22 20:00:00,1.94,Hot
SENSOR_0032,2025-12-22 12:00:00,450.26,Sunny
SENSOR_0026,2025-12-11 15:00:00,,Hot
SENSOR_0020,2025-12-24 19:00:00,22.77,Sunny
SENSOR_0031,2025-12-28 21:00:00,4.53,Hot
SENSOR_0023,2026-01-04 03:00:00,,Cold
SENSOR_0017,2025-12-22 10:00:00,430.56,Hot
SENSOR_0028,2026-01-08 03:00:00,31.63,Rainy
SENSOR_0043,2025-12-27 22:00:00,34.83,Cold
SENSOR_0050,2025-12-31 10:00:00,103.3,Cold
SENSOR_0043,2025-12-12 05:00:00,14.45,Cloudy
SENSOR_0015,2025-12-25 12:00:00,70.05,Cloudy
SENSOR_0040,2025-12-13 05:00:00,17.44,Sunny
SENSOR_0038,2026-01-03 16:00:00,4.27,Sunny
SENSOR_0030,2025-12-20 20:00:00,10.87,Cold
SENSOR_0049,2025-12-12 18:00:00,96.07,Sunny
SENSOR_0030,2025-12-27 20:00:00,67.38,Cold
SENSOR_0041,2025-12-23 09:00:00,38.94,Cloudy
SENSOR_0012,2025-12-11 11:00:00,144.27,Sunny
SENSOR_0003,2025-12-27 03:00:00,440.03,Sunny
SENSOR_0047,2025-12-11 05:00:00,21.27,Cloudy
SENSOR_0012,2026-01-03 11:00:00,24.04,Hot
SENSOR_0035,2025-12-15 22:00:00,23.68,Sunny
SENSOR_0012,2026-01-08 01:00:00,136.1783307130786,Rainy
SENSOR_0010,2025-12-28 06:00:00,92.95,Rainy
SENSOR_0010,2025-12-10 23:00:00,14.52,Cold
SENSOR_0038,2025-12-27 05:00:00,283.76,Hot
SENSOR_0033,2025-12-28 09:00:00,35.72,Hot
SENSOR_0042,2026-01-01 13:00:00,30.42,Cold
SENSOR_0003,2026-01-07 11:00:00,4.67,Cloudy
SENSOR_0041,2026-01-04 18:00:00,228.84,Cold
SENSOR_0037,2025-12-10 20:00:00,116.29,Hot
SENSOR_0046,2026-01-07 20:00:00,100.02,Rainy
SENSOR_0023,2025-12-26 08:00:00,157.55,Cold
SENSOR_0028,2025-12-11 00:00:00,2.92,Cold
SENSOR_0048,2026-01-07 01:00:00,60.21,Hot
SENSOR_0046,2025-12-12 17:00:00,23.64,Cloudy
SENSOR_0012,2025-12-10 21:00:00,,Cold
SENSOR_0033,2025-12-14 03:00:00,42.92,Hot
SENSOR_0021,2025-12-30 03:00:00,10.39,Rainy
SENSOR_0025,2026-01-01 19:00:00,47.58,Cold
SENSOR_0032,2025-12-12 08:00:00,0.2,Rainy
SENSOR_0031,2026-01-07 15:00:00,40.93,Hot
SENSOR_0029,2025-12-27 13:00:00,34.59,Hot
SENSOR_0048,2025-12-24 09:00:00,75.95,Hot
SENSOR_0028,2025-12-30 02:00:00,39.37,Cold
SENSOR_0007,2025-12-17 22:00:00,94.24,Cloudy
SENSOR_0008,2026-01-01 20:00:00,52.67,Sunny
SENSOR_0008,2026-01-05 00:00:00,325.29,Rainy
SENSOR_0034,2025-12-31 02:00:00,18.45,Hot
SENSOR_0008,2025-12-20 19:00:00,495.38,Cloudy
SENSOR_0048,2026-01-01 01:00:00,88.29,Sunny
SENSOR_0049,2025-12-15 16:00:00,52.43,Rainy
SENSOR_0018,2025-12-22 08:00:00,64.85,Sunny
SENSOR_0032,2025-12-21 13:00:00,147.77,Cold
SENSOR_0024,2025-12-31 11:00:00,119.79,Hot
SENSOR_0050,2025-12-31 15:00:00,87.67,Hot
SENSOR_0028,2025-12-21 12:00:00,79.13,Cloudy
SENSOR_0017,2025-12-16 22:00:00,43.25,Rainy
SENSOR_0014,2025-12-31 12:00:00,79.25,Cloudy
SENSOR_0043,2025-12-11 00:00:00,99.16,Cloudy
SENSOR_0005,2026-01-08 05:00:00,20.65,Cold
SENSOR_0031,2025-12-17 02:00:00,27.82,Sunny
SENSOR_0047,2025-12-11 12:00:00,83.35,Cloudy
SENSOR_0029,2025-12-27 23:00:00,45.06,Cloudy
SENSOR_0042,2025-12-20 23:00:00,62.53,Cold
SENSOR_0041,2026-01-07 12:00:00,97.47,Cold
SENSOR_0050,2025-12-30 16:00:00,32.44,Hot
SENSOR_0011,2025-12-20 01:00:00,327.72,Cloudy
SENSOR_0028,2026-01-02 09:00:00,17.81,Cloudy
SENSOR_0012,2025-12-27 20:00:00,,Cold
SENSOR_0001,2026-01-01 12:00:00,162.35,Cold
SENSOR_0047,2026-01-03 19:00:00,21.1,Sunny
SENSOR_0038,2026-01-02 07:00:00,321.93,Rainy
SENSOR_0026,2025-12-20 16:00:00,29.4,Cold
SENSOR_0038,2025-12-24 22:00:00,24.03,Sunny
SENSOR_0021,2026-01-02 20:00:00,101.57,Sunny
SENSOR_0009,2025-12-23 11:00:00,1.09,Rainy
SENSOR_0030,2025-12-10 02:00:00,58.86,Cold
SENSOR_0030,2026-01-07 12:00:00,,Hot
SENSOR_0014,2025-12-21 18:00:00,22.22,Hot
SENSOR_0049,2026-01-03 19:00:00,492.29,Hot
SENSOR_0016,2025-12-10 12:00:00,148.07,Hot
SENSOR_0031,2026-01-03 09:00:00,82.31,Cloudy
SENSOR_0026,2025-12-13 18:00:00,79.17,Hot
SENSOR_0035,2025-12-22 06:00:00,372.42,Cold
SENSOR_0042,2025-12-12 10:00:00,10.85,Cold
SENSOR_0018,2025-12-10 08:00:00,166.67,Sunny
SENSOR_0049,2026-01-07 01:00:00,67.31,Hot
SENSOR_0034,2025-12-11 00:00:00,97.7,Rainy
SENSOR_0016,2025-12-14 08:00:00,179.19,Sunny
SENSOR_0025,2025-12-14 00:00:00,171.48,Cloudy
SENSOR_0013,2025-12-30 18:00:00,26.06,Sunny
SENSOR_0005,2025-12-24 14:00:00,179.11,Sunny
SENSOR_0033,2025-12-30 17:00:00,21.26,Cold
SENSOR_0023,2025-12-13 08:00:00,38.52,Rainy
SENSOR_0013,2025-12-25 07:00:00,248.68,Hot
SENSOR_0022,2025-12-30 02:00:00,384.53,Sunny
SENSOR_0026,2026-01-08 09:00:00,409.88,Sunny
SENSOR_0002,2026-01-08 15:00:00,60.54,Sunny
SENSOR_0026,2026-01-08 06:00:00,257.52,Sunny
SENSOR_0040,2025-12-25 00:00:00,2.2,Sunny
SENSOR_0040,2026-01-08 12:00:00,3.33,Cloudy
SENSOR_0004,2025-12-30 19:00:00,3.36,Sunny
SENSOR_0021,2025-12-22 05:00:00,207.82,Sunny
SENSOR_0005,2026-01-02 00:00:00,124.51,Cold
SENSOR_0017,2026-01-08 08:00:00,128.94,Rainy
SENSOR_0037,2025-12-17 10:00:00,365.11,Rainy
SENSOR_0046,2025-12-26 07:00:00,29.75,Cold
SENSOR_0035,2025-12-23 13:00:00,46.13,Rainy
SENSOR_0038,2025-12-12 01:00:00,117.94,Cloudy
SENSOR_0035,2025-12-21 04:00:00,,Cloudy
SENSOR_0043,2025-12-22 13:00:00,11.32,Sunny
SENSOR_0039,2025-12-19 18:00:00,37.32,Cold
SENSOR_0005,2025-12-14 02:00:00,251.8,Cold
SENSOR_0047,2025-12-20 13:00:00,33.34,Rainy
SENSOR_0001,2025-12-11 23:00:00,84.83,Sunny
SENSOR_0048,2026-01-05 08:00:00,77.13,Cold
SENSOR_0013,2026-01-06 15:00:00,,Cloudy
SENSOR_0048,2025-12-25 23:00:00,87.68,Rainy
SENSOR_0019,2026-01-02 05:00:00,33.61,Hot
SENSOR_0040,2025-12-22 13:00:00,44.56,Rainy
SENSOR_0031,2025-12-13 21:00:00,29.12,Rainy
SENSOR_0010,2025-12-19 00:00:00,82.62,Rainy
SENSOR_0014,2025-12-26 04:00:00,33.2,Cloudy
SENSOR_0046,2026-01-02 10:00:00,251.43,Rainy
SENSOR_0021,2025-12-25 09:00:00,3.63,Cloudy
SENSOR_0019,2025-12-23 14:00:00,37.68,Rainy
SENSOR_0027,2026-01-05 23:00:00,15.58,Rainy
SENSOR_0045,2025-12-10 14:00:00,124.96,Cold
SENSOR_0038,2025-12-26 14:00:00,105.34,Cloudy
SENSOR_0004,2025-12-31 22:00:00,48.76,Cloudy
SENSOR_0037,2025-12-24 04:00:00,51.05,Cold
SENSOR_0043,2025-12-16 12:00:00,51.79,Cold
SENSOR_0040,2025-12-16 07:00:00,107.16,Cold
SENSOR_0013,2025-12-31 01:00:00,11.95,Rainy
SENSOR_0029,2025-12-11 22:00:00,251.45,Hot
SENSOR_0031,2025-12-19 23:00:00,113.92,Cold
SENSOR_0048,2025-12-09 21:00:00,325.51,Sunny
SENSOR_0049,2025-12-26 06:00:00,38.6,Cloudy
SENSOR_0003,2025-12-14 01:00:00,32.67,Hot
SENSOR_0046,2025-12-18 16:00:00,,Cloudy
SENSOR_0032,2025-12-31 19:00:00,5.24,Sunny
SENSOR_0023,2025-12-22 09:00:00,300.98,Cloudy
SENSOR_0033,2025-12-10 02:00:00,95.3,Hot
SENSOR_0009,2025-12-15 00:00:00,62.82,Cold
SENSOR_0014,2026-01-03 19:00:00,22.29,Cloudy
SENSOR_0015,2025-12-18 18:00:00,118.09,Cloudy
SENSOR_0050,2026-01-06 13:00:00,,Hot
SENSOR_0042,2025-12-20 15:00:00,32.3,Cloudy
SENSOR_0026,2025-12-31 22:00:00,,Sunny
SENSOR_0048,2025-12-18 20:00:00,45.36,Cloudy
SENSOR_0011,2025-12-24 13:00:00,48.38,Rainy
SENSOR_0031,2025-12-11 11:00:00,97.21,Hot
SENSOR_0010,2026-01-07 07:00:00,109.17,Cold
SENSOR_0027,2025-12-12 10:00:00,0.36,Rainy
SENSOR_0033,2026-01-01 19:00:00,36.55,Rainy
SENSOR_0015,2025-12-25 20:00:00,30.65,Cold
SENSOR_0008,2025-12-11 07:00:00,43.83,Rainy
SENSOR_0020,2025-12-12 01:00:00,354.04,Cloudy
SENSOR_0029,2025-12-28 06:00:00,5.79,Cold
SENSOR_0026,2025-12-13 12:00:00,2.97,Rainy
SENSOR_0016,2026-01-03 04:00:00,394.57,Sunny
SENSOR_0050,2025-12-12 02:00:00,5.15,Cold
SENSOR_0024,2025-12-31 21:00:00,24.19,Sunny
SENSOR_0046,2025-12-13 16:00:00,53.52,Cloudy
SENSOR_0012,2025-12-16 20:00:00,3.24,Hot
SENSOR_0011,2025-12-26 08:00:00,102.3,Sunny
SENSOR_0014,2025-12-19 06:00:00,375.24,Sunny
SENSOR_0013,2025-12-30 11:00:00,28.74,Cloudy
SENSOR_0036,2025-12-19 08:00:00,28.16,Sunny
SENSOR_0025,2026-01-01 02:00:00,10.76,Sunny
SENSOR_0021,2026-01-06 05:00:00,26.54,Rainy
SENSOR_0042,2025-12-19 20:00:00,106.29,Hot
SENSOR_0017,2025-12-26 01:00:00,87.14,Hot
SENSOR_0011,2026-01-07 05:00:00,34.42,Cold
SENSOR_0033,2026-01-02 14:00:00,36.08,Cloudy
SENSOR_0045,2025-12-17 01:00:00,67.19,Hot
SENSOR_0001,2025-12-25 10:00:00,303.06,Cold
SENSOR_0021,2026-01-05 11:00:00,48.82,Rainy
SENSOR_0031,2025-12-28 01:00:00,17.081030873285712,Cold
SENSOR_0004,2026-01-02 03:00:00,37.29,Cold
SENSOR_0013,2025-12-13 02:00:00,260.01,Hot
SENSOR_0036,2025-12-24 06:00:00,33.23,Hot
SENSOR_0039,2025-12-15 02:00:00,0.59,Hot
SENSOR_0001,2025-12-13 16:00:00,18.57,Hot
SENSOR_0010,2025-12-30 21:00:00,21.87,Cold
SENSOR_0023,2025-12-21 11:00:00,69.01,Cold
SENSOR_0033,2025-12-19 14:00:00,100.51,Sunny
SENSOR_0022,2025-12-25 20:00:00,82.08,Rainy
SENSOR_0014,2025-12-12 06:00:00,18.38,Cold
SENSOR_0042,2025-12-30 23:00:00,42.41,Hot
SENSOR_0040,2026-01-04 03:00:00,,Sunny
SENSOR_0045,2026-01-08 08:00:00,94.79,Sunny
SENSOR_0043,2026-01-07 17:00:00,285.56,Cold
SENSOR_0025,2026-01-03 02:00:00,73.37,Cold
SENSOR_0021,2025-12-18 16:00:00,96.84,Hot
SENSOR_0005,2025-12-28 22:00:00,11.68,Cloudy
SENSOR_0022,2026-01-05 01:00:00,4.58,Rainy
SENSOR_0026,2025-12-31 07:00:00,88.59,Cloudy
SENSOR_0038,2025-12-24 01:00:00,161.82,Sunny
SENSOR_0036,2025-12-13 01:00:00,96.3,Cloudy
SENSOR_0036,2025-12-29 10:00:00,45.46,Hot
SENSOR_0025,2025-12-26 13:00:00,167.19,Hot
SENSOR_0028,2025-12-18 18:00:00,93.58,Sunny
SENSOR_0025,2025-12-14 07:00:00,40.54,Sunny
SENSOR_0018,2025-12-12 07:00:00,34.73,Rainy
SENSOR_0021,2025-12-14 23:00:00,36.15,Cold
SENSOR_0017,2025-12-13 09:00:00,103.15,Rainy
SENSOR_0034,2025-12-18 19:00:00,,Rainy
SENSOR_0028,2025-12-17 06:00:00,402.88,Cloudy
SENSOR_0015,2026-01-01 20:00:00,171.89,Hot
SENSOR_0018,2025-12-25 14:00:00,29.36,Hot
SENSOR_0049,2025-12-16 18:00:00,78.0,Cold
SENSOR_0044,2025-12-29 01:00:00,256.72351058444997,Sunny
SENSOR_0022,2026-01-06 13:00:00,40.93,Rainy
SENSOR_0003,2025-12-10 21:00:00,15.81,Hot
SENSOR_0001,2026-01-05 02:00:00,6.495082545846188,Sunny
SENSOR_0026,2025-12-13 00:00:00,118.67,Cloudy
SENSOR_0047,2025-12-31 16:00:00,88.36,Rainy
SENSOR_0043,2026-01-04 17:00:00,5.95,Rainy
SENSOR_0023,2025-12-24 19:00:00,196.93,Sunny
SENSOR_0045,2025-12-21 14:00:00,50.42,Hot
SENSOR_0009,2025-12-12 19:00:00,30.08,Sunny
SENSOR_0029,2025-12-26 22:00:00,1.84,Hot
SENSOR_0023,2025-12-24 17:00:00,,Cloudy
SENSOR_0034,2025-12-28 21:00:00,,Sunny
SENSOR_0029,2026-01-06 02:00:00,24.72,Cloudy
SENSOR_0015,2025-12-25 16:00:00,9.57,Hot
SENSOR_0040,2025-12-28 09:00:00,63.94,Sunny
SENSOR_0034,2025-12-29 05:00:00,333.41,Cloudy
SENSOR_0045,2025-12-19 03:00:00,58.19,Cold
SENSOR_0009,2025-12-11 16:00:00,31.35,Sunny
SENSOR_0024,2026-01-08 12:00:00,19.53,Hot
SENSOR_0029,2025-12-27 20:00:00,35.56,Rainy
SENSOR_0017,2025-12-16 04:00:00,29.59,Hot
SENSOR_0035,2025-12-12 21:00:00,95.85,Hot
SENSOR_0010,2025-12-12 15:00:00,70.63,Cloudy
SENSOR_0014,2025-12-14 15:00:00,52.24,Cloudy
SENSOR_0041,2025-12-29 05:00:00,72.6,Sunny
SENSOR_0043,2025-12-22 03:00:00,71.96,Cloudy
SENSOR_0032,2026-01-05 12:00:00,45.86,Rainy
SENSOR_0019,2025-12-16 03:00:00,426.7,Cold
SENSOR_0031,2025-12-25 17:00:00,74.58,Rainy
SENSOR_0029,2025-12-20 03:00:00,20.04,Cold
SENSOR_0042,2025-12-14 16:00:00,89.96,Cold
SENSOR_0025,2025-12-17 09:00:00,298.78,Sunny
SENSOR_0043,2026-01-02 05:00:00,39.36,Sunny
SENSOR_0016,2026-01-06 04:00:00,89.98,Hot
SENSOR_0028,2025-12-24 11:00:00,78.44,Cold
SENSOR_0004,2025-12-23 09:00:00,92.81,Hot
SENSOR_0016,2025-12-24 10:00:00,29.96,Cloudy
SENSOR_0020,2025-12-23 01:00:00,36.0,Cloudy
SENSOR_0015,2025-12-29 03:00:00,21.04,Cloudy
SENSOR_0025,2026-01-04 23:00:00,85.39,Cloudy
SENSOR_0023,2026-01-01 17:00:00,24.31,Rainy
SENSOR_0046,2026-01-03 10:00:00,79.2,Cloudy
SENSOR_0008,2025-12-16 11:00:00,,Cold
SENSOR_0026,2025-12-16 05:00:00,107.28015470710629,Rainy
SENSOR_0012,2025-12-24 15:00:00,16.73,Rainy
SENSOR_0018,2025-12-13 05:00:00,116.67,Rainy
SENSOR_0043,2025-12-31 23:00:00,412.27,Hot
SENSOR_0015,2025-12-20 04:00:00,31.96,Rainy
SENSOR_0043,2025-12-21 06:00:00,68.99,Cloudy
SENSOR_0009,2025-12-19 19:00:00,9.8,Cold
SENSOR_0023,2025-12-30 04:00:00,462.71,Cloudy
SENSOR_0046,2026-01-04 13:00:00,103.2,Cloudy
SENSOR_0035,2025-12-13 19:00:00,25.15,Cloudy
SENSOR_0021,2026-01-04 23:00:00,97.98,Sunny
SENSOR_0034,2025-12-15 16:00:00,12.26,Rainy
SENSOR_0032,2025-12-26 22:00:00,115.25,Cold
SENSOR_0042,2026-01-06 05:00:00,39.77,Sunny
SENSOR_0015,2025-12-22 16:00:00,217.19937476281396,Sunny
SENSOR_0007,2025-12-29 19:00:00,176.84,Cold
SENSOR_0042,2025-12-13 19:00:00,,Sunny
SENSOR_0046,2025-12-22 11:00:00,91.86,Cold
SENSOR_0015,2025-12-14 12:00:00,6.22,Hot
SENSOR_0011,2025-12-14 13:00:00,16.86,Sunny
SENSOR_0019,2025-12-25 17:00:00,60.02,Rainy
SENSOR_0032,2026-01-01 16:00:00,51.56,Sunny
SENSOR_0031,2026-01-06 04:00:00,45.38,Cloudy
SENSOR_0007,2025-12-20 16:00:00,41.15,Cold
SENSOR_0004,2025-12-17 09:00:00,37.19,Sunny
SENSOR_0041,2026-01-08 02:00:00,422.37,Hot
SENSOR_0015,2025-12-12 00:00:00,45.25,Sunny
SENSOR_0035,2025-12-31 12:00:00,218.87,Rainy
SENSOR_0013,2025-12-12 10:00:00,4.88,Sunny
SENSOR_0031,2025-12-24 01:00:00,309.06,Sunny
SENSOR_0022,2026-01-03 20:00:00,364.69,Cold
SENSOR_0015,2026-01-02 14:00:00,98.81,Cold
SENSOR_0039,2025-12-25 14:00:00,142.43,Rainy
SENSOR_0002,2025-12-29 23:00:00,21.55,Sunny
SENSOR_0037,2026-01-01 05:00:00,1.54,Hot
SENSOR_0028,2025-12-25 06:00:00,10.56,Rainy
SENSOR_0021,2025-12-29 02:00:00,41.5,Rainy
SENSOR_0007,2025-12-11 22:00:00,88.55,Rainy
SENSOR_0004,2025-12-13 01:00:00,114.95,Sunny
SENSOR_0013,2025-12-11 16:00:00,24.85,Cold
SENSOR_0049,2025-12-21 21:00:00,33.31,Cold
SENSOR_0007,2025-12-22 02:00:00,102.95,Hot
SENSOR_0047,2025-12-26 18:00:00,289.38,Cold
SENSOR_0003,2026-01-03 01:00:00,10.92,Cloudy
SENSOR_0039,2026-01-07 12:00:00,32.43,Sunny
SENSOR_0041,2025-12-25 12:00:00,25.72,Hot
SENSOR_0003,2025-12-28 03:00:00,20.55,Sunny
SENSOR_0037,2026-01-03 08:00:00,481.24,Cold
SENSOR_0033,2025-12-23 19:00:00,104.88,Sunny
SENSOR_0001,2025-12-13 13:00:00,21.75,Sunny
SENSOR_0016,2025-12-27 16:00:00,135.07,Cold
SENSOR_0011,2025-12-28 08:00:00,141.85,Cold
SENSOR_0015,2025-12-24 01:00:00,442.85,Cloudy
SENSOR_0008,2025-12-15 03:00:00,111.95,Hot
SENSOR_0028,2025-12-23 11:00:00,33.49,Cold
SENSOR_0047,2025-12-13 14:00:00,20.81,Hot
SENSOR_0012,2025-12-14 16:00:00,413.99,Rainy
SENSOR_0030,2025-12-31 12:00:00,27.78,Cloudy
SENSOR_0006,2025-12-09 21:00:00,97.35,Rainy
SENSOR_0015,2026-01-07 03:00:00,371.94,Cold
SENSOR_0013,2025-12-21 16:00:00,26.02,Cloudy
SENSOR_0005,2026-01-08 10:00:00,64.29,Sunny
SENSOR_0050,2025-12-20 15:00:00,7.87,Cold
SENSOR_0015,2026-01-01 19:00:00,94.7,Cold
SENSOR_0042,2025-12-13 23:00:00,83.7,Rainy
SENSOR_0001,2025-12-24 14:00:00,75.83,Cold
SENSOR_0034,2025-12-15 08:00:00,21.56,Sunny
SENSOR_0027,2025-12-10 04:00:00,37.1,Cold
SENSOR_0009,2025-12-26 00:00:00,57.71,Cold
SENSOR_0019,2026-01-04 13:00:00,9.41,Cloudy
SENSOR_0001,2025-12-20 16:00:00,83.77,Rainy
SENSOR_0027,2025-12-20 19:00:00,23.07,Cold
SENSOR_0050,2025-12-21 19:00:00,40.77,Cold
SENSOR_0034,2026-01-06 17:00:00,36.78,Sunny
SENSOR_0026,2025-12-30 18:00:00,16.24,Cold
SENSOR_0013,2025-12-15 11:00:00,117.99,Cloudy
SENSOR_0025,2025-12-26 22:00:00,1.0,Hot
SENSOR_0045,2026-01-03 04:00:00,8.13,Cold
SENSOR_0018,2025-12-19 19:00:00,172.91,Hot
SENSOR_0009,2026-01-02 04:00:00,60.08,Cold
SENSOR_0024,2026-01-05 12:00:00,15.85,Cloudy
SENSOR_0004,2025-12-19 07:00:00,56.73,Cloudy
SENSOR_0036,2026-01-04 18:00:00,98.63,Sunny
SENSOR_0008,2025-12-26 13:00:00,141.53,Hot
SENSOR_0021,2025-12-14 06:00:00,259.02,Sunny
SENSOR_0011,2026-01-08 01:00:00,106.15,Cloudy
SENSOR_0005,2025-12-17 13:00:00,153.47,Rainy
SENSOR_0029,2025-12-11 01:00:00,64.22,Cloudy
SENSOR_0048,2025-12-13 22:00:00,31.59,Rainy
SENSOR_0012,2025-12-17 05:00:00,75.95,Sunny
SENSOR_0047,2026-01-03 02:00:00,32.64,Cloudy
SENSOR_0050,2025-12-12 00:00:00,40.46,Cloudy
SENSOR_0012,2025-12-13 07:00:00,108.89,Hot
SENSOR_0002,2025-12-16 23:00:00,74.82,Sunny
SENSOR_0022,2026-01-08 10:00:00,36.52,Sunny
SENSOR_0012,2025-12-17 15:00:00,72.69,Sunny
SENSOR_0041,2025-12-23 22:00:00,52.21,Hot
SENSOR_0018,2025-12-20 11:00:00,42.93,Hot
SENSOR_0029,2026-01-08 00:00:00,36.3,Cold
SENSOR_0036,2026-01-05 08:00:00,22.07,Hot
SENSOR_0015,2025-12-23 22:00:00,79.36,Rainy
SENSOR_0038,2025-12-27 11:00:00,32.26,Sunny
SENSOR_0007,2026-01-02 06:00:00,3.41,Cloudy
SENSOR_0047,2025-12-23 17:00:00,301.8,Cloudy
SENSOR_0021,2025-12-23 05:00:00,67.2,Hot
SENSOR_0002,2026-01-05 14:00:00,405.55,Sunny
SENSOR_0041,2025-12-11 23:00:00,31.43092032528747,Cloudy
SENSOR_0045,2025-12-15 02:00:00,38.26,Hot
SENSOR_0030,2025-12-31 03:00:00,92.89,Cold
SENSOR_0050,2026-01-01 17:00:00,5.96,Rainy
SENSOR_0045,2025-12-20 01:00:00,259.67,Rainy
SENSOR_0006,2026-01-06 16:00:00,22.79,Cold
SENSOR_0020,2025-12-29 20:00:00,216.17,Rainy
SENSOR_0041,2025-12-27 16:00:00,93.6,Cloudy
SENSOR_0026,2025-12-27 22:00:00,363.36,Rainy
SENSOR_0043,2025-12-30 13:00:00,31.51,Hot
SENSOR_0001,2025-12-22 02:00:00,15.17,Cloudy
SENSOR_0016,2025-12-19 23:00:00,32.84,Cloudy
SENSOR_0050,2025-12-17 22:00:00,88.2,Sunny
SENSOR_0034,2025-12-26 16:00:00,62.14,Hot
SENSOR_0046,2025-12-23 06:00:00,102.52,Cloudy
SENSOR_0050,2025-12-29 18:00:00,88.92,Cloudy
SENSOR_0027,2025-12-19 19:00:00,29.78,Sunny
SENSOR_0018,2025-12-26 16:00:00,58.61,Sunny
SENSOR_0009,2025-12-11 10:00:00,485.86,Sunny
SENSOR_0003,2026-01-04 00:00:00,204.93,Cold
SENSOR_0019,2025-12-27 00:00:00,54.93,Cold
SENSOR_0036,2025-12-29 05:00:00,96.99,Cold
SENSOR_0013,2025-12-28 00:00:00,156.7,Hot
SENSOR_0012,2025-12-28 09:00:00,14.43,Cloudy
SENSOR_0031,2025-12-11 17:00:00,48.46,Cloudy
SENSOR_0046,2025-12-19 18:00:00,14.22,Rainy
SENSOR_0045,2026-01-05 10:00:00,82.97,Rainy
SENSOR_0025,2025-12-11 22:00:00,42.65,Hot
SENSOR_0001,2026-01-03 05:00:00,82.69,Sunny
SENSOR_0035,2026-01-06 22:00:00,32.31,Hot
SENSOR_0010,2025-12-26 20:00:00,58.51,Cloudy
SENSOR_0003,2025-12-10 22:00:00,6.99,Hot
SENSOR_0020,2025-12-20 22:00:00,20.18,Cold
SENSOR_0015,2025-12-27 22:00:00,428.47,Cloudy
SENSOR_0021,2025-12-27 22:00:00,4.16,Cloudy
SENSOR_0035,2025-12-24 09:00:00,58.32,Sunny
SENSOR_0010,2025-12-29 12:00:00,39.6,Hot
SENSOR_0001,2026-01-06 08:00:00,212.0,Hot
SENSOR_0046,2025-12-31 04:00:00,65.61,Cold
SENSOR_0035,2025-12-17 04:00:00,15.6,Rainy
SENSOR_0050,2025-12-15 03:00:00,96.05,Sunny
SENSOR_0032,2025-12-31 12:00:00,430.0,Cloudy
SENSOR_0005,2025-12-15 19:00:00,412.75,Hot
SENSOR_0042,2025-12-26 15:00:00,43.61,Hot
SENSOR_0013,2025-12-30 00:00:00,118.08,Sunny
SENSOR_0010,2025-12-11 07:00:00,71.37,Hot
SENSOR_0011,2025-12-28 14:00:00,23.44,Rainy
SENSOR_0046,2025-12-16 19:00:00,330.5,Sunny
SENSOR_0005,2025-12-25 09:00:00,,Rainy
SENSOR_0045,2026-01-05 20:00:00,5.29,Cloudy
SENSOR_0016,2025-12-23 21:00:00,603.1275784767274,Hot
SENSOR_0034,2025-12-22 15:00:00,0.41,Cloudy
SENSOR_0032,2025-12-29 18:00:00,77.7,Hot
SENSOR_0009,2025-12-20 14:00:00,,Cold
SENSOR_0030,2025-12-25 12:00:00,717.4025343559788,Cold
SENSOR_0017,2025-12-25 05:00:00,67.11,Cloudy
SENSOR_0016,2025-12-23 22:00:00,45.44,Sunny
SENSOR_0002,2025-12-17 01:00:00,478.76,Cold
SENSOR_0044,2026-01-06 13:00:00,31.37,Cold
SENSOR_0017,2025-12-20 03:00:00,18.28,Cloudy
SENSOR_0036,2026-01-08 15:00:00,90.16,Hot
SENSOR_0004,2026-01-01 05:00:00,0.4,Sunny
SENSOR_0036,2025-12-26 07:00:00,148.54,Rainy
SENSOR_0038,2025-12-24 00:00:00,5.71,Rainy
SENSOR_0008,2025-12-17 06:00:00,16.78,Rainy
SENSOR_0042,2025-12-15 06:00:00,79.84,Rainy
SENSOR_0038,2025-12-23 09:00:00,81.45,Cold
SENSOR_0031,2025-12-15 03:00:00,24.2,Cloudy
SENSOR_0036,2025-12-27 15:00:00,361.36,Cold
SENSOR_0036,2025-12-27 02:00:00,3.32,Hot
SENSOR_0007,2025-12-28 14:00:00,50.63,Cold
SENSOR_0017,2025-12-24 23:00:00,351.54,Sunny
SENSOR_0039,2026-01-07 13:00:00,87.11,Rainy
SENSOR_0015,2026-01-07 10:00:00,372.4,Cloudy
SENSOR_0027,2025-12-11 20:00:00,83.67,Hot
SENSOR_0013,2025-12-20 01:00:00,18.88,Rainy
SENSOR_0017,2025-12-24 13:00:00,36.31,Cold
SENSOR_0010,2025-12-15 15:00:00,112.55,Hot
SENSOR_0021,2025-12-13 18:00:00,33.7,Rainy
SENSOR_0042,2025-12-13 22:00:00,126.06,Sunny
SENSOR_0004,2025-12-18 06:00:00,47.39,Sunny
SENSOR_0029,2025-12-28 18:00:00,333.58,Sunny
SENSOR_0015,2025-12-27 06:00:00,27.07,Cold
SENSOR_0028,2025-12-10 17:00:00,95.3,Sunny
SENSOR_0033,2025-12-26 14:00:00,74.64,Cold
SENSOR_0013,2026-01-08 13:00:00,125.2,Hot
SENSOR_0020,2025-12-19 05:00:00,35.04,Sunny
SENSOR_0002,2025-12-23 14:00:00,85.8,Sunny
SENSOR_0015,2026-01-06 16:00:00,79.56,Hot
SENSOR_0021,2025-12-25 09:00:00,,Cloudy
SENSOR_0027,2025-12-15 10:00:00,18.87,Cold
SENSOR_0035,2025-12-25 01:00:00,53.58,Rainy
SENSOR_0017,2025-12-28 10:00:00,85.41,Sunny
SENSOR_0034,2025-12-13 13:00:00,17.03,Sunny
SENSOR_0021,2026-01-08 14:00:00,69.75,Hot
SENSOR_0035,2025-12-23 04:00:00,106.24,Rainy
SENSOR_0021,2025-12-27 15:00:00,258.3,Hot
SENSOR_0006,2025-12-29 11:00:00,41.6,Hot
SENSOR_0045,2025-12-11 04:00:00,65.56,Hot
SENSOR_0030,2026-01-03 22:00:00,,Cloudy
SENSOR_0001,2025-12-30 15:00:00,6.57,Cloudy
SENSOR_0008,2025-12-13 10:00:00,57.12,Cloudy
SENSOR_0036,2025-12-16 14:00:00,20.09,Hot
SENSOR_0048,2025-12-11 15:00:00,19.73,Sunny
SENSOR_0042,2025-12-14 10:00:00,17.49,Cloudy
SENSOR_0034,2026-01-06 14:00:00,38.62,Sunny
SENSOR_0029,2025-12-27 18:00:00,56.49,Cloudy
SENSOR_0043,2026-01-04 07:00:00,,Cold
SENSOR_0005,2025-12-29 02:00:00,35.51,Cold
SENSOR_0044,2025-12-09 19:00:00,,Sunny
SENSOR_0019,2026-01-01 16:00:00,26.5,Hot
SENSOR_0036,2025-12-17 06:00:00,44.13,Hot
SENSOR_0043,2025-12-19 11:00:00,85.7,Cold
SENSOR_0002,2025-12-14 07:00:00,81.03,Sunny
SENSOR_0020,2026-01-04 01:00:00,44.52,Cloudy
SENSOR_0026,2026-01-03 17:00:00,30.94,Hot
SENSOR_0037,2025-12-31 20:00:00,,Hot
SENSOR_0049,2025-12-24 12:00:00,,Hot
SENSOR_0038,2026-01-03 18:00:00,260.21,Hot
SENSOR_0030,2025-12-18 18:00:00,465.93,Cold
SENSOR_0040,2026-01-07 06:00:00,93.47,Cloudy
SENSOR_0012,2026-01-04 11:00:00,30.93,Sunny
SENSOR_0015,2025-12-22 12:00:00,30.48,Rainy
SENSOR_0039,2025-12-24 23:00:00,,Cold
SENSOR_0027,2025-12-18 08:00:00,21.1,Rainy
SENSOR_0035,2025-12-27 04:00:00,35.29,Cloudy
SENSOR_0019,2025-12-25 21:00:00,195.96,Sunny
SENSOR_0037,2025-12-28 12:00:00,469.94,Rainy
SENSOR_0018,2025-12-17 21:00:00,296.46,Hot
SENSOR_0025,2025-12-25 13:00:00,99.57,Sunny
SENSOR_0039,2025-12-29 17:00:00,63.58,Rainy
SENSOR_0044,2025-12-13 11:00:00,61.1,Cloudy
SENSOR_0029,2025-12-22 02:00:00,42.37,Cloudy
SENSOR_0018,2026-01-08 16:00:00,74.25,Rainy
SENSOR_0031,2025-12-29 04:00:00,245.8,Sunny
SENSOR_0035,2025-12-10 08:00:00,28.71,Cold
SENSOR_0037,2025-12-12 04:00:00,39.77,Cold
SENSOR_0018,2025-12-11 02:00:00,187.26,Rainy
SENSOR_0025,2025-12-31 10:00:00,10.7,Cloudy
SENSOR_0004,2026-01-04 04:00:00,77.07,Sunny
SENSOR_0031,2025-12-19 01:00:00,5.75,Sunny
SENSOR_0024,2025-12-28 10:00:00,133.41499952131988,Rainy
SENSOR_0032,2025-12-30 09:00:00,93.47,Rainy
SENSOR_0046,2026-01-08 09:00:00,88.97,Sunny
SENSOR_0028,2025-12-21 18:00:00,326.19,Rainy
SENSOR_0023,2026-01-06 13:00:00,65.33,Rainy
SENSOR_0018,2026-01-04 01:00:00,11.68,Hot
SENSOR_0035,2025-12-30 18:00:00,30.309564703647855,Cold
SENSOR_0013,2026-01-06 08:00:00,6.81,Rainy
SENSOR_0025,2026-01-03 01:00:00,23.92,Rainy
SENSOR_0008,2026-01-05 15:00:00,96.91,Sunny
SENSOR_0044,2026-01-06 05:00:00,46.05,Rainy
SENSOR_0003,2025-12-14 21:00:00,242.79,Cold
SENSOR_0047,2026-01-06 05:00:00,42.74,Rainy
SENSOR_0026,2025-12-18 06:00:00,90.38,Cloudy
SENSOR_0017,2025-12-30 03:00:00,106.73,Cold
SENSOR_0032,2025-12-16 02:00:00,7.95,Cold
SENSOR_0049,2025-12-13 01:00:00,47.65,Rainy
SENSOR_0025,2025-12-19 13:00:00,,Sunny
SENSOR_0042,2025-12-23 21:00:00,75.25986912103772,Sunny
SENSOR_0028,2026-01-03 23:00:00,150.43,Rainy
SENSOR_0003,2025-12-10 06:00:00,106.61,Cold
SENSOR_0036,2025-12-13 09:00:00,93.13,Sunny
SENSOR_0037,2025-12-29 10:00:00,,Cold
SENSOR_0013,2025-12-27 12:00:00,80.59,Rainy
SENSOR_0037,2025-12-19 17:00:00,127.4,Rainy
SENSOR_0026,2025-12-27 04:00:00,385.67,Rainy
SENSOR_0011,2025-12-23 23:00:00,51.58,Cold
SENSOR_0020,2025-12-15 12:00:00,29.51,Sunny
SENSOR_0032,2025-12-11 12:00:00,53.71,Rainy
SENSOR_0048,2025-12-28 08:00:00,87.76,Rainy
SENSOR_0010,2025-12-14 10:00:00,44.02,Sunny
SENSOR_0033,2025-12-30 16:00:00,91.12,Rainy
SENSOR_0009,2025-12-24 06:00:00,27.39,Sunny
SENSOR_0033,2025-12-31 21:00:00,34.86,Cold
SENSOR_0047,2025-12-24 14:00:00,365.52,Hot
SENSOR_0043,2025-12-22 19:00:00,446.79,Hot
SENSOR_0049,2025-12-25 22:00:00,33.89,Sunny
SENSOR_0031,2025-12-24 00:00:00,93.22,Hot
SENSOR_0035,2025-12-25 08:00:00,43.93,Cold
SENSOR_0048,2026-01-07 01:00:00,79.68,Sunny
SENSOR_0016,2025-12-26 12:00:00,38.15,Cold
SENSOR_0017,2025-12-30 00:00:00,346.77,Cloudy
SENSOR_0034,2025-12-16 15:00:00,74.55,Cloudy
SENSOR_0015,2026-01-06 17:00:00,78.06,Cloudy
SENSOR_0012,2025-12-23 04:00:00,101.2,Hot
SENSOR_0035,2026-01-06 12:00:00,324.2,Sunny
SENSOR_0008,2025-12-12 01:00:00,75.61,Hot
SENSOR_0015,2026-01-03 17:00:00,95.66,Hot
SENSOR_0038,2026-01-07 05:00:00,55.1,Cloudy
SENSOR_0014,2025-12-16 21:00:00,281.02,Cold
SENSOR_0042,2025-12-21 08:00:00,22.1,Rainy
SENSOR_0017,2025-12-12 19:00:00,26.22,Cloudy
SENSOR_0004,2025-12-26 17:00:00,37.92,Sunny
SENSOR_0033,2025-12-11 15:00:00,23.03,Hot
SENSOR_0021,2025-12-14 15:00:00,8.91,Cloudy
SENSOR_0023,2025-12-19 17:00:00,267.69,Rainy
SENSOR_0037,2025-12-28 12:00:00,33.72,Sunny
SENSOR_0027,2025-12-19 09:00:00,8.32,Cloudy
SENSOR_0021,2025-12-21 00:00:00,108.19,Cloudy
SENSOR_0045,2025-12-28 00:00:00,40.34,Hot
SENSOR_0028,2025-12-10 17:00:00,409.09,Rainy
SENSOR_0023,2025-12-26 18:00:00,93.82,Cloudy
SENSOR_0012,2025-12-14 22:00:00,82.78,Cold
SENSOR_0016,2025-12-23 08:00:00,32.82,Cold
SENSOR_0026,2026-01-01 20:00:00,46.17,Cold
SENSOR_0004,2025-12-28 05:00:00,273.09,Hot
SENSOR_0042,2026-01-05 19:00:00,98.71,Rainy
SENSOR_0021,2025-12-22 15:00:00,95.56,Hot
SENSOR_0046,2025-12-11 06:00:00,85.12,Sunny
SENSOR_0047,2026-01-04 07:00:00,27.43,Cloudy
SENSOR_0024,2025-12-19 23:00:00,93.49,Cloudy
SENSOR_0001,2025-12-10 04:00:00,,Sunny
SENSOR_0049,2026-01-06 05:00:00,66.62,Sunny
SENSOR_0005,2025-12-23 12:00:00,21.12,Cold
SENSOR_0002,2025-12-11 19:00:00,70.76,Sunny
SENSOR_0001,2025-12-10 08:00:00,56.44,Cloudy
SENSOR_0036,2026-01-07 22:00:00,93.67,Cloudy
SENSOR_0018,2025-12-25 19:00:00,185.18,Rainy
SENSOR_0001,2025-12-19 20:00:00,269.65,Cold
SENSOR_0044,2025-12-21 04:00:00,61.77,Cloudy
SENSOR_0036,2025-12-13 22:00:00,58.1,Rainy
SENSOR_0001,2025-12-18 16:00:00,107.69,Sunny
SENSOR_0038,2025-12-20 04:00:00,35.06,Cloudy
SENSOR_0033,2026-01-07 12:00:00,399.33,Sunny
SENSOR_0045,2026-01-07 01:00:00,89.37,Hot
SENSOR_0008,2025-12-14 14:00:00,5.93,Hot
SENSOR_0039,2025-12-10 08:00:00,58.62,Rainy
SENSOR_0045,2025-12-12 11:00:00,473.78,Rainy
SENSOR_0040,2025-12-29 12:00:00,20.07,Rainy
SENSOR_0026,2025-12-26 02:00:00,64.76,Cloudy
SENSOR_0035,2025-12-29 15:00:00,70.24,Cold
SENSOR_0032,2026-01-05 04:00:00,96.06,Cloudy
SENSOR_0019,2025-12-24 21:00:00,35.77,Rainy
SENSOR_0041,2025-12-10 19:00:00,64.36,Rainy
SENSOR_0009,2025-12-22 16:00:00,5.79,Cloudy
SENSOR_0025,2026-01-03 16:00:00,712.9778648944597,Hot
SENSOR_0003,2025-12-13 18:00:00,17.59,Hot
SENSOR_0040,2025-12-11 23:00:00,86.39,Rainy
SENSOR_0014,2025-12-29 17:00:00,21.96,Rainy
SENSOR_0011,2025-12-18 15:00:00,51.42,Rainy
SENSOR_0028,2025-12-18 07:00:00,434.45,Sunny
SENSOR_0003,2026-01-05 09:00:00,20.82,Rainy
SENSOR_0036,2025-12-22 04:00:00,90.17,Cold
SENSOR_0012,2026-01-06 10:00:00,81.45,Hot
SENSOR_0020,2025-12-14 02:00:00,322.32,Sunny
SENSOR_0033,2026-01-02 15:00:00,13.65,Cloudy
SENSOR_0011,2026-01-07 15:00:00,468.18,Cold
SENSOR_0044,2025-12-26 22:00:00,61.3,Sunny
SENSOR_0047,2025-12-09 20:00:00,44.72,Hot
SENSOR_0028,2025-12-17 21:00:00,43.9,Hot
SENSOR_0044,2026-01-01 06:00:00,39.02,Hot
SENSOR_0049,2025-12-14 13:00:00,370.72,Cloudy
SENSOR_0045,2025-12-25 14:00:00,456.87,Sunny
SENSOR_0032,2026-01-01 18:00:00,7.91,Cold
SENSOR_0040,2025-12-13 06:00:00,,Hot
SENSOR_0023,2025-12-12 10:00:00,350.91,Cold
SENSOR_0049,2025-12-24 06:00:00,,Cloudy
SENSOR_0013,2025-12-11 07:00:00,96.04,Rainy
SENSOR_0017,2025-12-26 22:00:00,45.51,Cloudy
SENSOR_0044,2025-12-21 03:00:00,7.54,Cloudy
SENSOR_0015,2025-12-31 03:00:00,59.27,Sunny
SENSOR_0032,2025-12-18 15:00:00,17.73,Cold
SENSOR_0020,2025-12-27 11:00:00,53.48,Sunny
SENSOR_0015,2025-12-11 20:00:00,27.55,Rainy
SENSOR_0013,2025-12-25 02:00:00,176.31706693015317,Sunny
SENSOR_0007,2025-12-19 05:00:00,14.02,Hot
SENSOR_0009,2025-12-26 22:00:00,85.78,Cold
SENSOR_0004,2025-12-25 08:00:00,,Sunny
SENSOR_0034,2025-12-26 10:00:00,98.73,Rainy
SENSOR_0018,2026-01-08 10:00:00,65.03,Sunny
SENSOR_0032,2025-12-11 21:00:00,16.62,Sunny
SENSOR_0035,2025-12-10 12:00:00,16.68,Cold
SENSOR_0025,2026-01-06 00:00:00,312.89,Cloudy
SENSOR_0039,2025-12-14 11:00:00,18.5,Cloudy
SENSOR_0037,2025-12-20 04:00:00,86.09,Sunny
SENSOR_0036,2025-12-31 05:00:00,41.52,Sunny
SENSOR_0045,2026-01-05 21:00:00,50.7,Sunny
SENSOR_0043,2025-12-17 15:00:00,33.92,Rainy
SENSOR_0014,2026-01-07 00:00:00,397.81,Rainy
SENSOR_0048,2025-12-28 04:00:00,78.88,Rainy
SENSOR_0014,2025-12-21 17:00:00,54.01,Rainy
SENSOR_0018,2025-12-16 05:00:00,249.82822496502737,Cloudy
SENSOR_0026,2025-12-23 17:00:00,117.05,Sunny
SENSOR_0039,2025-12-18 11:00:00,29.87,Cold
SENSOR_0010,2025-12-18 02:00:00,36.33,Sunny
SENSOR_0033,2025-12-29 03:00:00,60.51,Cold
SENSOR_0017,2026-01-06 16:00:00,149.71,Sunny
SENSOR_0046,2025-12-19 11:00:00,266.35,Cloudy
SENSOR_0045,2025-12-22 00:00:00,95.98,Rainy
SENSOR_0038,2025-12-20 10:00:00,489.26,Hot
SENSOR_0032,2025-12-17 04:00:00,48.12,Cold
SENSOR_0029,2025-12-20 19:00:00,13.49,Cold
SENSOR_0009,2025-12-29 18:00:00,315.51,Hot
SENSOR_0008,2026-01-04 13:00:00,402.16,Cloudy
SENSOR_0012,2025-12-24 22:00:00,66.84,Cloudy
SENSOR_0020,2026-01-07 00:00:00,42.71,Sunny
SENSOR_0025,2026-01-04 21:00:00,34.27,Sunny
SENSOR_0049,2025-12-25 16:00:00,201.2,Cold
SENSOR_0009,2026-01-06 12:00:00,16.61,Cold
SENSOR_0033,2025-12-10 16:00:00,296.57,Rainy
SENSOR_0024,2025-12-24 03:00:00,47.39,Hot
SENSOR_0043,2025-12-14 13:00:00,53.92,Rainy
SENSOR_0017,2025-12-28 10:00:00,64.77,Sunny
SENSOR_0030,2026-01-04 12:00:00,28.8,Cold
SENSOR_0040,2025-12-20 05:00:00,38.63,Cold
SENSOR_0015,2025-12-16 08:00:00,92.06,Cold
SENSOR_0039,2025-12-23 04:00:00,35.44,Hot
SENSOR_0003,2025-12-26 10:00:00,428.84,Cold
SENSOR_0012,2026-01-01 08:00:00,203.09,Cold
SENSOR_0033,2026-01-03 19:00:00,1.3,Sunny
SENSOR_0028,2026-01-02 02:00:00,42.38,Hot
SENSOR_0035,2025-12-25 10:00:00,1.06,Cold
SENSOR_0030,2025-12-11 21:00:00,69.15,Sunny
SENSOR_0042,2025-12-24 13:00:00,142.1,Rainy
SENSOR_0035,2025-12-14 15:00:00,35.02,Cloudy
SENSOR_0040,2026-01-04 02:00:00,292.43,Hot
SENSOR_0043,2025-12-23 07:00:00,2.93,Cold
SENSOR_0023,2025-12-23 11:00:00,41.4,Hot
SENSOR_0045,2025-12-15 22:00:00,12.13,Sunny
SENSOR_0029,2026-01-08 14:00:00,59.4,Cold
SENSOR_0020,2025-12-22 10:00:00,42.81,Hot
SENSOR_0016,2025-12-11 13:00:00,43.04,Cold
SENSOR_0041,2025-12-31 02:00:00,62.7,Cloudy
SENSOR_0007,2025-12-26 13:00:00,42.31,Sunny
SENSOR_0025,2026-01-02 16:00:00,7.0,Hot
SENSOR_0036,2025-12-31 09:00:00,,Cloudy
SENSOR_0019,2025-12-12 05:00:00,40.59,Cloudy
SENSOR_0050,2026-01-02 00:00:00,383.76,Cold
SENSOR_0038,2026-01-03 04:00:00,63.08,Sunny
SENSOR_0018,2026-01-05 15:00:00,55.76,Sunny
SENSOR_0017,2025-12-31 13:00:00,59.21,Cold
SENSOR_0030,2025-12-29 09:00:00,466.6,Hot
SENSOR_0003,2026-01-03 22:00:00,29.37,Cold
SENSOR_0027,2026-01-06 23:00:00,29.35,Hot
SENSOR_0009,2025-12-25 04:00:00,48.75,Cloudy
SENSOR_0048,2026-01-04 10:00:00,46.45,Cloudy
SENSOR_0046,2026-01-04 01:00:00,40.45,Cold
SENSOR_0011,2025-12-17 17:00:00,242.0,Rainy
SENSOR_0046,2025-12-12 19:00:00,155.55403018848895,Cold
SENSOR_0023,2025-12-14 00:00:00,96.61,Hot
SENSOR_0030,2025-12-25 04:00:00,288.4,Sunny
SENSOR_0047,2026-01-03 15:00:00,17.96,Hot
SENSOR_0008,2025-12-31 14:00:00,42.0,Rainy
SENSOR_0015,2025-12-24 01:00:00,16.53,Hot
SENSOR_0044,2026-01-06 11:00:00,57.42,Sunny
SENSOR_0018,2025-12-22 00:00:00,38.83,Rainy
SENSOR_0032,2025-12-26 07:00:00,33.29,Cold
SENSOR_0016,2025-12-13 18:00:00,56.09,Rainy
SENSOR_0045,2026-01-02 06:00:00,100.25,Cloudy
SENSOR_0002,2025-12-30 01:00:00,61.06,Cold
SENSOR_0044,2025-12-25 04:00:00,29.84,Sunny
SENSOR_0025,2025-12-20 23:00:00,34.04,Cloudy
SENSOR_0036,2025-12-30 13:00:00,59.67,Cloudy
SENSOR_0035,2025-12-16 12:00:00,71.41,Cloudy
SENSOR_0004,2025-12-16 16:00:00,17.0,Hot
SENSOR_0023,2026-01-01 09:00:00,205.37,Rainy
SENSOR_0046,2025-12-25 23:00:00,373.78,Hot
SENSOR_0005,2026-01-02 02:00:00,208.45,Cold
SENSOR_0032,2025-12-18 02:00:00,9.19,Sunny
SENSOR_0001,2026-01-07 15:00:00,10.9,Hot
SENSOR_0010,2025-12-12 16:00:00,92.46,Cold
SENSOR_0002,2025-12-11 21:00:00,90.59,Rainy
SENSOR_0022,2025-12-31 00:00:00,32.55,Cloudy
SENSOR_0030,2025-12-12 04:00:00,55.53,Cloudy
SENSOR_0042,2025-12-10 01:00:00,93.43,Hot
SENSOR_0046,2026-01-06 15:00:00,362.01,Cold
SENSOR_0004,2025-12-16 03:00:00,203.06,Cloudy
SENSOR_0008,2026-01-06 19:00:00,112.93,Rainy
SENSOR_0012,2025-12-17 22:00:00,78.51,Sunny
SENSOR_0045,2025-12-31 17:00:00,182.66,Sunny
SENSOR_0024,2025-12-11 12:00:00,430.49,Rainy
SENSOR_0029,2026-01-01 07:00:00,484.4,Cold
SENSOR_0027,2026-01-02 23:00:00,11.17,Cold
SENSOR_0034,2026-01-06 18:00:00,37.76,Hot
SENSOR_0020,2025-12-28 08:00:00,421.26,Cloudy
SENSOR_0007,2025-12-24 10:00:00,16.64,Cloudy
SENSOR_0036,2026-01-02 16:00:00,42.25,Rainy
SENSOR_0010,2026-01-07 01:00:00,14.8,Sunny
SENSOR_0012,2025-12-24 10:00:00,17.78,Hot
SENSOR_0025,2025-12-14 22:00:00,64.75,Cloudy
SENSOR_0041,2025-12-29 22:00:00,42.03,Sunny
SENSOR_0038,2026-01-03 09:00:00,46.01,Sunny
SENSOR_0030,2025-12-24 10:00:00,13.47,Cold
SENSOR_0039,2025-12-18 01:00:00,1.93,Sunny
SENSOR_0030,2025-12-20 03:00:00,5.35,Cold
SENSOR_0019,2025-12-25 09:00:00,95.35,Rainy
SENSOR_0019,2025-12-20 12:00:00,1.41,Sunny
SENSOR_0038,2026-01-06 07:00:00,16.81,Sunny
SENSOR_0015,2025-12-15 06:00:00,1.06,Rainy
SENSOR_0017,2026-01-02 21:00:00,72.31,Sunny
SENSOR_0049,2025-12-21 06:00:00,148.2,Cold
SENSOR_0041,2025-12-11 08:00:00,187.75,Rainy
SENSOR_0033,2025-12-19 09:00:00,165.6994054665133,Rainy
SENSOR_0028,2025-12-23 23:00:00,97.63,Cloudy
SENSOR_0005,2026-01-05 20:00:00,27.41,Cold
SENSOR_0018,2026-01-08 00:00:00,13.57,Cloudy
SENSOR_0024,2025-12-24 11:00:00,73.59,Rainy
SENSOR_0027,2025-12-17 16:00:00,80.31,Sunny
SENSOR_0026,2025-12-18 05:00:00,83.21,Rainy
SENSOR_0043,2025-12-10 14:00:00,442.13,Hot
SENSOR_0001,2025-12-31 19:00:00,24.44,Rainy
SENSOR_0016,2026-01-03 04:00:00,51.64,Hot
SENSOR_0007,2025-12-26 15:00:00,12.13,Cloudy
SENSOR_0016,2025-12-20 04:00:00,102.13,Cloudy
SENSOR_0003,2025-12-10 07:00:00,31.93,Hot
SENSOR_0003,2026-01-01 01:00:00,79.86,Cold
SENSOR_0043,2025-12-13 20:00:00,6.11,Sunny
SENSOR_0045,2025-12-19 17:00:00,47.53,Cold
SENSOR_0049,2025-12-20 01:00:00,56.97,Rainy
SENSOR_0012,2025-12-23 16:00:00,46.50110170492942,Cloudy
SENSOR_0045,2025-12-30 08:00:00,37.94,Rainy
SENSOR_0048,2026-01-05 10:00:00,92.97,Hot
SENSOR_0038,2025-12-17 04:00:00,66.15,Cold
SENSOR_0015,2026-01-02 17:00:00,21.31,Hot
SENSOR_0012,2025-12-26 09:00:00,112.84,Rainy
SENSOR_0027,2025-12-25 11:00:00,12.62,Sunny
SENSOR_0037,2025-12-10 01:00:00,102.16,Hot
SENSOR_0019,2025-12-23 04:00:00,99.85,Hot
SENSOR_0025,2025-12-10 23:00:00,49.28,Cold
SENSOR_0008,2025-12-12 04:00:00,72.81,Sunny
SENSOR_0021,2025-12-13 02:00:00,112.85,Cloudy
SENSOR_0007,2025-12-16 21:00:00,264.51,Hot
SENSOR_0013,2025-12-22 14:00:00,38.98,Cloudy
SENSOR_0020,2026-01-06 09:00:00,488.08,Cloudy
SENSOR_0047,2026-01-07 07:00:00,393.25,Rainy
SENSOR_0006,2025-12-22 08:00:00,94.6,Cloudy
SENSOR_0016,2026-01-02 12:00:00,59.18,Rainy
SENSOR_0013,2026-01-06 04:00:00,457.22,Hot
SENSOR_0002,2025-12-31 17:00:00,3.41,Cloudy
SENSOR_0042,2025-12-22 00:00:00,34.04,Cold
SENSOR_0027,2025-12-22 18:00:00,57.95,Cold
SENSOR_0003,2025-12-13 23:00:00,36.68,Hot
SENSOR_0004,2025-12-25 04:00:00,379.92774914346063,Sunny
SENSOR_0031,2025-12-12 18:00:00,68.86,Rainy
SENSOR_0028,2025-12-24 21:00:00,349.1,Rainy
SENSOR_0020,2026-01-01 14:00:00,37.53,Sunny
SENSOR_0017,2026-01-08 14:00:00,304.45,Hot
SENSOR_0030,2025-12-26 22:00:00,100.93,Cold
SENSOR_0028,2026-01-04 11:00:00,86.93,Cold
SENSOR_0001,2025-12-21 08:00:00,236.5,Sunny
SENSOR_0020,2026-01-05 10:00:00,31.76,Cloudy
SENSOR_0039,2026-01-06 01:00:00,52.11,Hot
SENSOR_0034,2025-12-21 19:00:00,30.49,Sunny
SENSOR_0004,2025-12-21 11:00:00,101.46,Cloudy
SENSOR_0034,2026-01-02 15:00:00,329.17,Cloudy
SENSOR_0031,2025-12-10 06:00:00,103.58,Hot
SENSOR_0036,2025-12-25 19:00:00,41.77,Rainy
SENSOR_0017,2025-12-16 17:00:00,82.34,Sunny
SENSOR_0038,2025-12-12 11:00:00,182.13,Cloudy
SENSOR_0033,2025-12-14 23:00:00,270.59,Cold
SENSOR_0016,2026-01-08 11:00:00,10.62,Sunny
SENSOR_0016,2026-01-02 06:00:00,88.66,Sunny
SENSOR_0022,2025-12-17 23:00:00,436.44,Sunny
SENSOR_0035,2025-12-23 09:00:00,368.85,Rainy
SENSOR_0027,2025-12-11 18:00:00,98.09,Sunny
SENSOR_0032,2025-12-25 04:00:00,43.61,Sunny
SENSOR_0030,2025-12-20 09:00:00,32.72,Cloudy
SENSOR_0011,2026-01-02 23:00:00,15.42,Sunny
SENSOR_0045,2025-12-25 08:00:00,99.05,Hot
SENSOR_0005,2026-01-06 09:00:00,61.65,Hot
SENSOR_0037,2025-12-12 23:00:00,165.31,Rainy
SENSOR_0023,2025-12-27 19:00:00,94.6,Cold
SENSOR_0008,2026-01-02 03:00:00,94.1,Hot
SENSOR_0040,2025-12-28 18:00:00,68.71,Sunny
SENSOR_0034,2025-12-12 03:00:00,36.39,Cold
SENSOR_0047,2026-01-07 04:00:00,75.75,Sunny
SENSOR_0047,2026-01-02 16:00:00,94.99,Rainy
SENSOR_0040,2025-12-24 01:00:00,32.78,Cloudy
SENSOR_0011,2026-01-02 15:00:00,132.22,Cloudy
SENSOR_0015,2025-12-15 23:00:00,4.59,Hot
SENSOR_0046,2026-01-04 05:00:00,476.29,Sunny
SENSOR_0004,2025-12-11 21:00:00,55.57,Rainy
SENSOR_0046,2025-12-22 04:00:00,39.11,Cloudy
SENSOR_0042,2025-12-24 05:00:00,25.13,Sunny
SENSOR_0033,2025-12-26 13:00:00,93.9,Cloudy
SENSOR_0035,2026-01-02 15:00:00,99.61,Cold
SENSOR_0042,2025-12-27 20:00:00,37.27,Sunny
SENSOR_0001,2025-12-10 11:00:00,34.92,Cold
SENSOR_0050,2025-12-24 09:00:00,50.96,Cold
SENSOR_0023,2025-12-11 12:00:00,37.76,Cloudy
SENSOR_0044,2025-12-21 15:00:00,58.87,Sunny
SENSOR_0016,2025-12-13 00:00:00,195.89,Sunny
SENSOR_0034,2025-12-17 11:00:00,7.88,Cloudy
SENSOR_0046,2025-12-17 13:00:00,34.73,Cold
SENSOR_0028,2025-12-15 09:00:00,1.37,Sunny
SENSOR_0049,2025-12-18 01:00:00,231.4,Rainy
SENSOR_0047,2026-01-08 19:00:00,16.43,Cold
SENSOR_0036,2026-01-08 15:00:00,,Sunny
SENSOR_0014,2025-12-20 16:00:00,70.55,Sunny
SENSOR_0013,2026-01-05 11:00:00,18.18,Hot
SENSOR_0049,2025-12-23 07:00:00,57.56,Rainy
SENSOR_0035,2026-01-06 07:00:00,34.86,Cold
SENSOR_0024,2025-12-27 10:00:00,81.2,Rainy
SENSOR_0033,2026-01-06 04:00:00,437.54,Cold
SENSOR_0049,2026-01-05 23:00:00,4.18,Hot
SENSOR_0039,2025-12-31 12:00:00,42.3,Sunny
SENSOR_0049,2026-01-02 10:00:00,68.95,Rainy
SENSOR_0047,2025-12-15 20:00:00,70.87,Cold
SENSOR_0018,2025-12-12 06:00:00,,Cold
SENSOR_0038,2025-12-30 22:00:00,58.32,Cloudy
SENSOR_0041,2025-12-13 11:00:00,319.67,Sunny
SENSOR_0017,2026-01-06 03:00:00,92.25,Rainy
SENSOR_0024,2025-12-26 04:00:00,66.69,Rainy
SENSOR_0039,2026-01-02 12:00:00,48.39,Rainy
SENSOR_0020,2026-01-05 05:00:00,87.55,Cloudy
SENSOR_0047,2026-01-05 04:00:00,58.83,Cloudy
SENSOR_0030,2026-01-06 03:00:00,96.07,Hot
SENSOR_0034,2025-12-29 10:00:00,14.24,Cold
SENSOR_0034,2025-12-17 07:00:00,33.14,Sunny
SENSOR_0005,2025-12-23 21:00:00,8.21,Hot
SENSOR_0039,2025-12-27 06:00:00,24.64,Sunny
SENSOR_0017,2026-01-03 00:00:00,108.08,Hot
SENSOR_0022,2025-12-26 18:00:00,97.87,Rainy
SENSOR_0016,2025-12-19 05:00:00,229.71,Cloudy
SENSOR_0015,2025-12-25 20:00:00,110.87,Cold
SENSOR_0030,2025-12-18 03:00:00,,Sunny
SENSOR_0002,2025-12-28 01:00:00,75.36,Sunny
SENSOR_0028,2025-12-15 00:00:00,44.48,Sunny
SENSOR_0049,2025-12-28 01:00:00,61.24,Cold
SENSOR_0031,2025-12-12 10:00:00,316.21,Cold
SENSOR_0013,2025-12-15 17:00:00,60.16,Cold
SENSOR_0020,2025-12-26 18:00:00,75.58,Cloudy
SENSOR_0044,2025-12-17 07:00:00,389.62,Cold
SENSOR_0044,2025-12-12 20:00:00,38.9,Rainy
SENSOR_0003,2026-01-03 08:00:00,25.42,Hot
SENSOR_0025,2025-12-27 01:00:00,20.61,Sunny
SENSOR_0011,2025-12-31 23:00:00,39.04,Cloudy
SENSOR_0019,2026-01-07 07:00:00,243.92,Rainy
SENSOR_0024,2025-12-17 14:00:00,259.47,Rainy
SENSOR_0041,2026-01-01 02:00:00,71.73,Hot
SENSOR_0049,2025-12-22 03:00:00,33.11,Hot
SENSOR_0041,2025-12-18 09:00:00,90.78,Cold
SENSOR_0040,2026-01-08 03:00:00,403.44,Rainy
SENSOR_0014,2026-01-04 22:00:00,17.16,Sunny
SENSOR_0020,2026-01-03 10:00:00,44.82,Cloudy
SENSOR_0007,2025-12-21 04:00:00,17.74,Sunny
SENSOR_0036,2025-12-24 02:00:00,145.98,Cloudy
SENSOR_0026,2026-01-02 05:00:00,18.46,Sunny
SENSOR_0037,2025-12-14 16:00:00,71.68,Rainy
SENSOR_0047,2025-12-15 06:00:00,17.69,Hot
SENSOR_0019,2025-12-29 20:00:00,48.83,Hot
SENSOR_0006,2025-12-20 22:00:00,158.7,Sunny
SENSOR_0050,2026-01-06 09:00:00,290.78,Cloudy
SENSOR_0037,2025-12-22 01:00:00,86.7,Cold
SENSOR_0006,2025-12-30 23:00:00,37.49,Sunny
SENSOR_0013,2025-12-18 21:00:00,6.36,Hot
SENSOR_0033,2026-01-05 15:00:00,40.25,Rainy
SENSOR_0033,2026-01-01 17:00:00,91.52,Cold
SENSOR_0006,2025-12-30 01:00:00,9.38,Rainy
SENSOR_0028,2025-12-29 11:00:00,16.08,Cloudy
SENSOR_0050,2025-12-16 16:00:00,231.26,Cold
SENSOR_0034,2026-01-01 19:00:00,21.66,Rainy
SENSOR_0008,2026-01-05 19:00:00,47.02,Cold
SENSOR_0037,2025-12-15 02:00:00,76.80668503885234,Cloudy
SENSOR_0041,2025-12-19 05:00:00,99.1,Sunny
SENSOR_0013,2025-12-15 11:00:00,251.4,Sunny
SENSOR_0002,2025-12-25 19:00:00,82.05,Rainy
SENSOR_0005,2025-12-19 17:00:00,474.04,Rainy
SENSOR_0036,2025-12-26 21:00:00,32.35,Sunny
SENSOR_0049,2025-12-29 17:00:00,56.01,Cloudy
SENSOR_0049,2025-12-17 03:00:00,466.15,Cloudy
SENSOR_0020,2025-12-30 22:00:00,34.67,Cold
SENSOR_0030,2026-01-07 06:00:00,17.51,Rainy
SENSOR_0043,2025-12-28 11:00:00,38.47,Cold
SENSOR_0024,2025-12-21 04:00:00,115.73,Cloudy
SENSOR_0035,2026-01-02 16:00:00,64.44,Rainy
SENSOR_0013,2025-12-14 01:00:00,111.63,Cloudy
SENSOR_0022,2025-12-26 08:00:00,160.67,Cold
SENSOR_0011,2026-01-01 17:00:00,9.75,Cold
SENSOR_0028,2025-12-26 15:00:00,,Hot
SENSOR_0020,2025-12-20 21:00:00,29.11,Hot
SENSOR_0007,2025-12-28 08:00:00,94.44,Cold
SENSOR_0024,2025-12-18 16:00:00,281.81,Hot
SENSOR_0047,2025-12-29 17:00:00,70.89,Cloudy
SENSOR_0021,2025-12-23 19:00:00,68.21,Rainy
SENSOR_0013,2025-12-13 05:00:00,43.43,Cloudy
SENSOR_0013,2025-12-28 23:00:00,93.20614512989026,Sunny
SENSOR_0028,2026-01-06 17:00:00,65.49,Cloudy
SENSOR_0003,2026-01-03 19:00:00,39.03,Cloudy
SENSOR_0033,2025-12-26 23:00:00,68.77,Hot
SENSOR_0032,2025-12-28 02:00:00,38.42,Rainy
SENSOR_0044,2025-12-28 11:00:00,33.57,Hot
SENSOR_0037,2025-12-31 21:00:00,57.24,Cloudy
SENSOR_0023,2025-12-15 03:00:00,15.78,Hot
SENSOR_0011,2025-12-13 18:00:00,438.71,Rainy
SENSOR_0022,2026-01-05 04:00:00,79.54,Rainy
SENSOR_0019,2026-01-01 20:00:00,37.07,Cold
SENSOR_0047,2025-12-31 20:00:00,55.48,Hot
SENSOR_0023,2026-01-04 11:00:00,22.05,Cloudy
SENSOR_0046,2025-12-18 08:00:00,35.93,Hot
SENSOR_0017,2025-12-27 21:00:00,22.49,Cloudy
SENSOR_0050,2026-01-02 13:00:00,49.89,Cloudy
SENSOR_0028,2025-12-28 05:00:00,79.49,Sunny
SENSOR_0034,2025-12-17 10:00:00,29.45,Rainy
SENSOR_0006,2025-12-17 06:00:00,8.69,Cloudy
SENSOR_0003,2025-12-24 22:00:00,86.2,Hot
SENSOR_0049,2026-01-04 17:00:00,29.37,Cloudy
SENSOR_0020,2025-12-28 12:00:00,298.95,Cold
SENSOR_0023,2025-12-27 05:00:00,55.82,Cold
SENSOR_0026,2025-12-20 15:00:00,18.91,Hot
SENSOR_0031,2025-12-25 06:00:00,43.62,Cloudy
SENSOR_0037,2026-01-05 00:00:00,17.91,Sunny
SENSOR_0034,2026-01-05 19:00:00,0.33,Sunny
SENSOR_0007,2025-12-18 18:00:00,94.1,Rainy
SENSOR_0020,2025-12-13 11:00:00,85.27,Cloudy
SENSOR_0026,2025-12-11 01:00:00,83.54,Cloudy
SENSOR_0038,2026-01-07 01:00:00,12.83,Cloudy
SENSOR_0024,2026-01-02 23:00:00,,Cold
SENSOR_0029,2025-12-21 16:00:00,22.41,Cloudy
SENSOR_0008,2025-12-10 16:00:00,58.73,Cold
SENSOR_0046,2025-12-25 07:00:00,62.19916671566414,Rainy
SENSOR_0003,2025-12-16 16:00:00,43.24,Cloudy
SENSOR_0033,2025-12-23 19:00:00,94.44,Cloudy
SENSOR_0047,2025-12-23 21:00:00,119.0,Hot
SENSOR_0045,2025-12-28 22:00:00,295.7607355856236,Sunny
SENSOR_0031,2025-12-17 07:00:00,66.66,Cloudy
SENSOR_0036,2025-12-15 07:00:00,29.88,Sunny
SENSOR_0031,2025-12-31 20:00:00,7.1,Sunny
SENSOR_0006,2025-12-17 17:00:00,319.69,Cloudy
SENSOR_0020,2025-12-10 09:00:00,24.8,Cloudy
SENSOR_0035,2025-12-10 22:00:00,34.73,Rainy
SENSOR_0011,2026-01-04 10:00:00,71.41,Sunny
SENSOR_0019,2025-12-29 14:00:00,793.6022217022635,Rainy
SENSOR_0013,2025-12-10 17:00:00,29.71,Cold
SENSOR_0036,2025-12-24 01:00:00,8.74,Rainy
SENSOR_0044,2025-12-23 00:00:00,88.28,Rainy
SENSOR_0010,2025-12-10 15:00:00,52.43,Cold
SENSOR_0024,2025-12-23 11:00:00,96.66,Rainy
SENSOR_0043,2026-01-07 07:00:00,18.47,Sunny
SENSOR_0034,2025-12-15 03:00:00,450.34,Rainy
SENSOR_0046,2025-12-13 22:00:00,7.12,Sunny
SENSOR_0010,2025-12-28 16:00:00,37.78,Cloudy
SENSOR_0013,2026-01-01 20:00:00,345.9,Cold
SENSOR_0029,2026-01-01 18:00:00,25.39,Hot
SENSOR_0015,2025-12-19 01:00:00,98.59,Sunny
SENSOR_0023,2025-12-17 14:00:00,85.87,Cold
SENSOR_0007,2025-12-18 12:00:00,419.77,Cloudy
SENSOR_0017,2025-12-12 17:00:00,9.89,Cold
SENSOR_0024,2025-12-12 08:00:00,9.57,Cloudy
SENSOR_0028,2025-12-27 12:00:00,26.32,Cold
SENSOR_0015,2026-01-02 17:00:00,63.28,Sunny
SENSOR_0020,2025-12-29 12:00:00,40.16,Rainy
SENSOR_0024,2025-12-27 07:00:00,296.09,Sunny
SENSOR_0009,2025-12-15 18:00:00,7.57,Cold
SENSOR_0023,2025-12-18 16:00:00,6.45,Hot
SENSOR_0023,2025-12-19 12:00:00,66.78,Cloudy
SENSOR_0036,2025-12-23 13:00:00,35.31,Hot
SENSOR_0013,2025-12-25 19:00:00,18.95,Cold
SENSOR_0009,2026-01-03 02:00:00,1.25,Hot
SENSOR_0024,2025-12-16 13:00:00,119.81,Cold
SENSOR_0019,2025-12-27 04:00:00,18.95,Rainy
SENSOR_0006,2025-12-18 19:00:00,62.05,Cold
SENSOR_0030,2025-12-15 13:00:00,2.0,Sunny
SENSOR_0030,2025-12-20 03:00:00,54.86,Cold
SENSOR_0031,2026-01-03 08:00:00,263.4,Rainy
SENSOR_0039,2025-12-16 09:00:00,59.75,Rainy
SENSOR_0034,2025-12-23 15:00:00,112.44,Cold
SENSOR_0012,2025-12-20 13:00:00,14.49,Cold
SENSOR_0022,2025-12-23 16:00:00,303.07,Sunny
SENSOR_0019,2025-12-21 16:00:00,60.542052930806314,Hot
SENSOR_0039,2025-12-28 00:00:00,15.39,Rainy
SENSOR_0004,2026-01-06 23:00:00,42.65,Cloudy
SENSOR_0003,2025-12-26 15:00:00,67.09,Sunny
SENSOR_0008,2025-12-29 06:00:00,119.73,Rainy
SENSOR_0021,2025-12-14 10:00:00,8.57,Cold
SENSOR_0020,2026-01-01 06:00:00,8.15,Cloudy
SENSOR_0002,2025-12-20 10:00:00,41.82,Sunny
SENSOR_0049,2025-12-23 23:00:00,103.89,Cloudy
SENSOR_0034,2025-12-20 08:00:00,,Cloudy
SENSOR_0008,2025-12-21 21:00:00,72.46,Cloudy
SENSOR_0008,2025-12-22 17:00:00,46.24,Cold
SENSOR_0022,2025-12-16 23:00:00,63.39,Rainy
SENSOR_0017,2025-12-22 03:00:00,44.89,Hot
SENSOR_0034,2025-12-18 19:00:00,51.81,Hot
SENSOR_0027,2025-12-12 08:00:00,68.2,Hot
SENSOR_0041,2026-01-06 19:00:00,101.07,Cold
SENSOR_0010,2025-12-30 15:00:00,63.34,Cloudy
SENSOR_0015,2025-12-17 07:00:00,94.68645947508936,Hot
SENSOR_0035,2025-12-21 09:00:00,43.83,Cloudy
SENSOR_0010,2025-12-31 12:00:00,449.6,Cloudy
SENSOR_0036,2026-01-01 19:00:00,3.92,Hot
SENSOR_0047,2025-12-30 23:00:00,4.96,Cold
SENSOR_0016,2026-01-03 19:00:00,59.47,Sunny
SENSOR_0026,2026-01-05 12:00:00,,Cold
SENSOR_0009,2025-12-14 14:00:00,27.74,Cloudy
SENSOR_0036,2025-12-17 17:00:00,95.53,Sunny
SENSOR_0037,2025-12-12 00:00:00,73.62,Sunny
SENSOR_0013,2025-12-29 21:00:00,82.96,Cold
SENSOR_0040,2025-12-29 08:00:00,,Rainy
SENSOR_0021,2025-12-17 17:00:00,92.5,Rainy
SENSOR_0049,2025-12-21 20:00:00,62.58,Cloudy
SENSOR_0024,2026-01-01 00:00:00,19.79,Sunny
SENSOR_0025,2026-01-08 03:00:00,22.88,Hot
SENSOR_0022,2025-12-28 19:00:00,50.34,Cold
SENSOR_0008,2025-12-22 04:00:00,32.99,Hot
SENSOR_0038,2025-12-26 22:00:00,222.83,Cloudy
SENSOR_0003,2026-01-02 02:00:00,99.14,Hot
SENSOR_0032,2025-12-11 13:00:00,66.52,Cloudy
SENSOR_0002,2025-12-14 09:00:00,13.37,Sunny
SENSOR_0030,2025-12-26 13:00:00,143.55,Cloudy
SENSOR_0021,2025-12-26 04:00:00,4.13,Hot
SENSOR_0029,2025-12-20 16:00:00,34.53,Sunny
SENSOR_0005,2025-12-28 12:00:00,42.72,Hot
SENSOR_0041,2026-01-07 02:00:00,64.05,Sunny
SENSOR_0031,2025-12-31 04:00:00,176.28,Hot
SENSOR_0023,2026-01-01 14:00:00,39.15,Hot
SENSOR_0042,2025-12-30 02:00:00,44.27,Rainy
SENSOR_0033,2026-01-01 21:00:00,47.93,Cloudy
SENSOR_0004,2025-12-16 16:00:00,96.38,Cold
SENSOR_0033,2025-12-15 13:00:00,452.5,Hot
SENSOR_0033,2026-01-04 07:00:00,88.49,Hot
SENSOR_0008,2025-12-10 21:00:00,38.26,Cold
SENSOR_0004,2025-12-21 06:00:00,23.47,Hot
SENSOR_0012,2025-12-25 19:00:00,72.63,Rainy
SENSOR_0027,2026-01-08 08:00:00,30.68,Hot
SENSOR_0035,2025-12-13 09:00:00,57.98,Cloudy
SENSOR_0013,2025-12-12 19:00:00,452.07,Sunny
SENSOR_0022,2025-12-12 20:00:00,41.76,Rainy
SENSOR_0031,2025-12-25 13:00:00,86.56,Cloudy
SENSOR_0040,2025-12-21 23:00:00,,Cloudy
SENSOR_0030,2025-12-25 01:00:00,49.29,Sunny
SENSOR_0002,2025-12-25 18:00:00,83.39,Rainy
SENSOR_0005,2025-12-19 14:00:00,482.01,Cloudy
SENSOR_0011,2025-12-30 22:00:00,52.47,Rainy
SENSOR_0030,2026-01-05 06:00:00,245.9,Sunny
SENSOR_0002,2025-12-14 14:00:00,458.43,Sunny
SENSOR_0031,2025-12-11 06:00:00,41.4,Sunny
SENSOR_0037,2025-12-12 18:00:00,28.54,Hot
SENSOR_0044,2026-01-05 15:00:00,90.9,Rainy
SENSOR_0040,2025-12-20 04:00:00,385.59,Sunny
SENSOR_0047,2025-12-18 10:00:00,,Cloudy
SENSOR_0026,2025-12-17 05:00:00,91.7,Sunny
SENSOR_0030,2025-12-28 15:00:00,15.0,Rainy
SENSOR_0042,2026-01-08 13:00:00,36.71,Rainy
SENSOR_0036,2025-12-30 09:00:00,118.11,Hot
SENSOR_0012,2026-01-03 14:00:00,59.97,Hot
SENSOR_0019,2026-01-05 02:00:00,57.48,Rainy
SENSOR_0047,2025-12-24 12:00:00,28.27,Cold
SENSOR_0024,2026-01-08 03:00:00,20.95,Hot
SENSOR_0039,2026-01-05 21:00:00,83.67,Hot
SENSOR_0013,2025-12-20 01:00:00,7.56,Sunny
SENSOR_0027,2025-12-26 14:00:00,,Cold
SENSOR_0049,2026-01-02 23:00:00,1.01,Sunny
SENSOR_0011,2025-12-28 01:00:00,30.8,Cold
SENSOR_0013,2025-12-12 10:00:00,499.73,Cold
SENSOR_0040,2026-01-07 08:00:00,267.38,Hot
SENSOR_0017,2025-12-23 17:00:00,87.9,Cloudy
SENSOR_0020,2025-12-21 09:00:00,66.5,Cold
SENSOR_0050,2025-12-26 00:00:00,31.58,Sunny
SENSOR_0024,2025-12-25 09:00:00,42.45,Sunny
SENSOR_0026,2025-12-21 14:00:00,19.66,Sunny
SENSOR_0011,2025-12-10 02:00:00,101.51,Hot
SENSOR_0026,2026-01-02 11:00:00,35.0,Cloudy
SENSOR_0034,2026-01-06 20:00:00,297.64,Rainy
SENSOR_0009,2025-12-29 18:00:00,98.11,Rainy
SENSOR_0004,2025-12-18 11:00:00,50.3,Sunny
SENSOR_0014,2025-12-27 07:00:00,39.92,Rainy
SENSOR_0036,2025-12-23 08:00:00,17.43,Sunny
SENSOR_0047,2026-01-03 14:00:00,27.49,Cold
SENSOR_0037,2025-12-28 15:00:00,11.76,Sunny
SENSOR_0011,2026-01-07 07:00:00,1.74,Cloudy
SENSOR_0045,2025-12-31 04:00:00,150.34,Rainy
SENSOR_0038,2025-12-17 05:00:00,18.47,Cold
SENSOR_0002,2025-12-29 20:00:00,40.91,Rainy
SENSOR_0025,2025-12-18 15:00:00,50.36,Cold
SENSOR_0045,2025-12-28 16:00:00,30.29,Hot
SENSOR_0048,2026-01-01 18:00:00,44.71,Cloudy
SENSOR_0025,2025-12-10 04:00:00,49.55,Hot
SENSOR_0044,2025-12-23 07:00:00,107.05,Cloudy
SENSOR_0009,2026-01-02 12:00:00,36.87,Rainy
SENSOR_0033,2026-01-06 20:00:00,30.38,Cloudy
SENSOR_0011,2026-01-08 03:00:00,1.52,Hot
SENSOR_0045,2025-12-16 20:00:00,490.11,Cold
SENSOR_0021,2025-12-27 23:00:00,27.8,Rainy
SENSOR_0029,2026-01-03 12:00:00,81.21,Sunny
SENSOR_0013,2025-12-30 17:00:00,88.98,Cold
SENSOR_0026,2025-12-19 23:00:00,464.85,Sunny
SENSOR_0047,2026-01-03 19:00:00,5.39,Cold
SENSOR_0010,2025-12-24 01:00:00,131.04,Cloudy
SENSOR_0012,2025-12-29 21:00:00,35.09,Sunny
SENSOR_0048,2025-12-17 12:00:00,19.47,Cloudy
SENSOR_0030,2025-12-14 00:00:00,92.62,Cloudy
SENSOR_0006,2025-12-14 10:00:00,56.83,Rainy
SENSOR_0025,2025-12-18 06:00:00,82.27,Hot
SENSOR_0003,2025-12-29 06:00:00,425.44,Hot
SENSOR_0001,2025-12-28 05:00:00,41.03,Rainy
SENSOR_0020,2025-12-22 23:00:00,99.6,Cold
SENSOR_0031,2026-01-08 06:00:00,1.33,Cold
SENSOR_0020,2025-12-26 05:00:00,0.36,Rainy
SENSOR_0005,2025-12-29 19:00:00,114.31,Cold
SENSOR_0006,2025-12-28 03:00:00,125.43,Cloudy
SENSOR_0012,2026-01-04 15:00:00,239.13,Rainy
SENSOR_0016,2026-01-05 07:00:00,337.42,Cloudy
SENSOR_0013,2026-01-01 16:00:00,4.89,Cloudy
SENSOR_0008,2026-01-07 14:00:00,31.44,Cold
SENSOR_0041,2025-12-21 07:00:00,2.42,Rainy
SENSOR_0043,2025-12-11 04:00:00,37.45,Hot
SENSOR_0006,2025-12-12 07:00:00,21.46,Hot
SENSOR_0006,2025-12-17 03:00:00,51.84,Rainy
SENSOR_0016,2025-12-16 07:00:00,34.89,Cold
SENSOR_0045,2026-01-05 10:00:00,10.26,Cold
SENSOR_0003,2025-12-18 02:00:00,11.812250693546668,Cloudy
SENSOR_0043,2025-12-21 13:00:00,60.46,Cloudy
SENSOR_0043,2025-12-29 05:00:00,22.26,Cold
SENSOR_0015,2025-12-19 00:00:00,6.65,Cloudy
SENSOR_0025,2026-01-02 07:00:00,131.33,Cold
SENSOR_0026,2026-01-02 09:00:00,66.37,Rainy
SENSOR_0020,2025-12-18 05:00:00,70.22,Hot
SENSOR_0026,2026-01-05 07:00:00,12.59,Cold
SENSOR_0014,2026-01-03 14:00:00,171.78,Cloudy
SENSOR_0030,2025-12-21 07:00:00,96.16,Cloudy
SENSOR_0047,2025-12-13 06:00:00,58.79,Cold
SENSOR_0050,2026-01-02 04:00:00,2.87,Cloudy
SENSOR_0017,2025-12-13 07:00:00,83.08,Sunny
SENSOR_0017,2025-12-29 07:00:00,90.59,Sunny
SENSOR_0032,2025-12-28 15:00:00,67.26,Cold
SENSOR_0025,2025-12-14 14:00:00,3.49,Cloudy
SENSOR_0008,2026-01-02 01:00:00,7.33,Cloudy
SENSOR_0002,2025-12-26 09:00:00,21.63,Sunny
SENSOR_0002,2026-01-08 19:00:00,23.74,Hot
SENSOR_0021,2025-12-12 08:00:00,44.13,Rainy
SENSOR_0044,2025-12-26 07:00:00,31.42,Hot
SENSOR_0038,2026-01-03 14:00:00,305.243313312314,Cold
SENSOR_0002,2025-12-23 17:00:00,401.9,Cold
SENSOR_0026,2025-12-31 23:00:00,70.18,Hot
SENSOR_0012,2025-12-15 22:00:00,45.77,Cold
SENSOR_0006,2025-12-20 04:00:00,24.4,Cloudy
SENSOR_0009,2026-01-05 17:00:00,22.86,Sunny
SENSOR_0040,2025-12-20 19:00:00,59.62,Cloudy
SENSOR_0045,2025-12-15 22:00:00,56.06,Sunny
SENSOR_0002,2025-12-10 10:00:00,,Cold
SENSOR_0003,2026-01-02 16:00:00,373.05,Sunny
SENSOR_0028,2025-12-25 02:00:00,251.32,Rainy
SENSOR_0030,2025-12-29 02:00:00,497.82,Hot
SENSOR_0020,2025-12-29 11:00:00,12.0,Hot
SENSOR_0004,2026-01-05 22:00:00,86.28,Rainy
SENSOR_0043,2025-12-15 00:00:00,464.88,Cold
SENSOR_0003,2025-12-27 02:00:00,9.32,Sunny
SENSOR_0012,2026-01-05 04:00:00,83.95,Cloudy
SENSOR_0034,2025-12-31 06:00:00,,Rainy
SENSOR_0037,2026-01-04 00:00:00,27.53,Cloudy
SENSOR_0017,2025-12-16 11:00:00,43.6,Hot
SENSOR_0016,2026-01-01 07:00:00,38.78,Hot
SENSOR_0006,2025-12-14 21:00:00,93.37,Cloudy
SENSOR_0045,2025-12-20 20:00:00,60.06,Rainy
SENSOR_0043,2026-01-03 04:00:00,43.52,Cold
SENSOR_0042,2025-12-11 03:00:00,76.18,Cloudy
SENSOR_0024,2025-12-20 16:00:00,295.56,Cold
SENSOR_0035,2025-12-31 03:00:00,364.81,Rainy
SENSOR_0027,2026-01-04 08:00:00,34.88,Sunny
SENSOR_0049,2025-12-11 21:00:00,223.3,Sunny
SENSOR_0048,2025-12-22 22:00:00,192.98,Rainy
SENSOR_0003,2025-12-19 15:00:00,354.04,Cloudy
SENSOR_0016,2025-12-17 03:00:00,36.93,Sunny
SENSOR_0012,2026-01-06 12:00:00,22.62,Hot
SENSOR_0036,2025-12-28 16:00:00,18.19,Rainy
SENSOR_0044,2025-12-17 06:00:00,91.11,Rainy
SENSOR_0016,2026-01-05 04:00:00,112.95,Sunny
SENSOR_0031,2026-01-06 16:00:00,37.43,Sunny
SENSOR_0006,2026-01-04 23:00:00,390.81,Cold
SENSOR_0021,2025-12-21 05:00:00,262.28,Hot
SENSOR_0042,2025-12-18 01:00:00,,Hot
SENSOR_0043,2025-12-13 20:00:00,43.28,Cloudy
SENSOR_0046,2025-12-24 11:00:00,4.54,Hot
SENSOR_0001,2025-12-31 18:00:00,12.52,Cold
SENSOR_0043,2025-12-13 02:00:00,44.41,Hot
SENSOR_0011,2025-12-10 07:00:00,13.33,Cold
SENSOR_0033,2026-01-06 04:00:00,62.07,Sunny
SENSOR_0004,2025-12-17 10:00:00,24.7,Cold
SENSOR_0034,2026-01-07 10:00:00,38.37,Cold
SENSOR_0039,2025-12-26 01:00:00,116.29,Cold
SENSOR_0022,2026-01-04 05:00:00,184.46,Hot
SENSOR_0014,2026-01-06 04:00:00,361.03,Cloudy
SENSOR_0032,2025-12-21 21:00:00,5.37,Sunny
SENSOR_0050,2025-12-26 12:00:00,73.27,Cold
SENSOR_0022,2025-12-31 20:00:00,114.77,Sunny
SENSOR_0013,2026-01-07 04:00:00,35.7,Sunny
SENSOR_0001,2026-01-06 22:00:00,43.82,Hot
SENSOR_0038,2026-01-01 02:00:00,20.63,Rainy
SENSOR_0002,2025-12-28 20:00:00,30.22,Sunny
SENSOR_0048,2025-12-30 06:00:00,59.2,Cold
SENSOR_0044,2025-12-14 06:00:00,54.06,Cold
SENSOR_0015,2025-12-26 04:00:00,99.69,Rainy
SENSOR_0009,2025-12-13 23:00:00,194.78,Cold
SENSOR_0001,2025-12-29 09:00:00,102.79,Sunny
SENSOR_0046,2025-12-16 06:00:00,384.3,Hot
SENSOR_0016,2025-12-28 21:00:00,103.19,Cold
SENSOR_0038,2025-12-21 22:00:00,38.88,Sunny
SENSOR_0050,2025-12-16 22:00:00,40.2,Cloudy
SENSOR_0026,2025-12-19 04:00:00,44.45,Sunny
SENSOR_0003,2025-12-24 10:00:00,89.95,Hot
SENSOR_0029,2026-01-01 21:00:00,118.69,Cold
SENSOR_0012,2025-12-20 15:00:00,,Sunny
SENSOR_0025,2025-12-24 00:00:00,60.25,Hot
SENSOR_0028,2025-12-10 05:00:00,,Sunny
SENSOR_0044,2025-12-11 23:00:00,,Hot
SENSOR_0010,2025-12-20 22:00:00,342.95,Rainy
SENSOR_0028,2026-01-02 03:00:00,67.75,Cold
SENSOR_0044,2026-01-07 16:00:00,11.3,Cloudy
SENSOR_0019,2026-01-08 09:00:00,102.53,Sunny
SENSOR_0022,2026-01-02 06:00:00,95.78,Cold
SENSOR_0011,2025-12-19 14:00:00,63.68,Rainy
SENSOR_0022,2025-12-11 01:00:00,84.65,Cloudy
SENSOR_0019,2025-12-23 21:00:00,14.75,Cold
SENSOR_0012,2025-12-17 15:00:00,40.92,Sunny
SENSOR_0046,2025-12-10 02:00:00,99.23,Cloudy
SENSOR_0021,2026-01-02 23:00:00,32.25,Sunny
SENSOR_0037,2025-12-22 21:00:00,,Cloudy
SENSOR_0030,2025-12-23 08:00:00,3.33,Cold
SENSOR_0021,2025-12-17 22:00:00,109.24,Hot
SENSOR_0013,2025-12-13 00:00:00,36.52,Cold
SENSOR_0047,2025-12-29 10:00:00,482.6,Sunny
SENSOR_0008,2025-12-23 08:00:00,112.95,Cold
SENSOR_0047,2025-12-11 14:00:00,55.6,Hot
SENSOR_0006,2025-12-09 19:00:00,221.38,Hot
SENSOR_0028,2025-12-21 03:00:00,50.89,Cold
SENSOR_0015,2025-12-24 19:00:00,9.75,Sunny
SENSOR_0038,2025-12-13 09:00:00,,Cold
SENSOR_0041,2025-12-13 07:00:00,2.69,Cloudy
SENSOR_0028,2026-01-08 15:00:00,55.81,Cold
SENSOR_0025,2025-12-18 11:00:00,304.65,Cold
SENSOR_0007,2025-12-12 07:00:00,10.83,Hot
SENSOR_0023,2025-12-21 16:00:00,197.67,Sunny
SENSOR_0026,2025-12-15 21:00:00,483.9,Hot
SENSOR_0050,2025-12-22 09:00:00,86.87,Cloudy
SENSOR_0048,2025-12-26 22:00:00,345.8,Cloudy
SENSOR_0033,2025-12-30 00:00:00,46.44,Sunny
SENSOR_0041,2025-12-21 14:00:00,70.05,Cold
SENSOR_0005,2025-12-25 00:00:00,101.97,Sunny
SENSOR_0016,2026-01-01 10:00:00,79.29,Cold
SENSOR_0027,2025-12-25 22:00:00,65.69,Cloudy
SENSOR_0041,2025-12-29 06:00:00,104.84,Rainy
SENSOR_0023,2025-12-27 10:00:00,22.06,Rainy
SENSOR_0019,2025-12-12 23:00:00,69.44,Cloudy
SENSOR_0009,2025-12-23 11:00:00,8.04,Sunny
SENSOR_0010,2025-12-17 07:00:00,319.65,Hot
SENSOR_0002,2026-01-04 21:00:00,217.0,Sunny
SENSOR_0050,2025-12-25 15:00:00,109.19,Cold
SENSOR_0021,2025-12-20 09:00:00,46.12,Cold
SENSOR_0038,2025-12-15 00:00:00,97.5,Cloudy
SENSOR_0002,2025-12-28 17:00:00,38.5,Sunny
SENSOR_0011,2025-12-16 09:00:00,40.51,Sunny
SENSOR_0038,2025-12-17 20:00:00,336.7387094276202,Rainy
SENSOR_0026,2026-01-01 10:00:00,50.49,Sunny
SENSOR_0009,2025-12-14 01:00:00,65.54,Hot
SENSOR_0041,2025-12-11 10:00:00,65.15,Cold
SENSOR_0048,2025-12-10 03:00:00,2.92,Cold
SENSOR_0023,2025-12-19 11:00:00,25.55,Hot
SENSOR_0032,2025-12-30 08:00:00,468.84,Cloudy
SENSOR_0015,2025-12-22 03:00:00,74.97,Cold
SENSOR_0005,2025-12-20 11:00:00,56.58,Cold
SENSOR_0031,2025-12-26 07:00:00,246.64,Cold
SENSOR_0034,2025-12-26 05:00:00,95.94,Sunny
SENSOR_0035,2025-12-20 15:00:00,39.63,Hot
SENSOR_0028,2025-12-15 09:00:00,41.93,Sunny
SENSOR_0040,2025-12-17 13:00:00,,Hot
SENSOR_0002,2025-12-16 17:00:00,3.18,Cold
SENSOR_0038,2025-12-12 11:00:00,61.19,Hot
SENSOR_0035,2026-01-04 07:00:00,114.83,Sunny
SENSOR_0015,2026-01-02 01:00:00,94.91,Hot
SENSOR_0046,2026-01-08 14:00:00,220.7,Sunny
SENSOR_0027,2025-12-15 03:00:00,315.71,Rainy
SENSOR_0017,2025-12-12 09:00:00,33.14,Sunny
SENSOR_0017,2025-12-31 17:00:00,89.23,Cold
SENSOR_0045,2025-12-17 06:00:00,42.85,Cold
SENSOR_0008,2025-12-17 23:00:00,2.58,Cloudy
SENSOR_0019,2025-12-31 01:00:00,91.79,Rainy
SENSOR_0022,2025-12-13 12:00:00,56.55,Rainy
SENSOR_0013,2025-12-14 07:00:00,29.46,Rainy
SENSOR_0027,2025-12-24 16:00:00,34.81,Hot
SENSOR_0016,2026-01-01 04:00:00,99.03,Rainy
SENSOR_0041,2026-01-01 11:00:00,48.42,Rainy
SENSOR_0046,2025-12-27 01:00:00,23.2,Sunny
SENSOR_0019,2026-01-06 16:00:00,29.74,Hot
SENSOR_0037,2025-12-11 16:00:00,61.29,Rainy
SENSOR_0032,2026-01-02 10:00:00,92.76,Cloudy
SENSOR_0025,2025-12-19 20:00:00,4.67,Sunny
SENSOR_0030,2026-01-02 08:00:00,72.11,Sunny
SENSOR_0010,2026-01-08 03:00:00,41.69,Sunny
SENSOR_0006,2025-12-25 17:00:00,85.76,Hot
SENSOR_0036,2025-12-28 09:00:00,17.37,Hot
SENSOR_0021,2026-01-03 07:00:00,58.84,Rainy
SENSOR_0018,2026-01-08 01:00:00,98.67,Rainy
SENSOR_0044,2025-12-11 00:00:00,33.38,Sunny
SENSOR_0038,2026-01-04 23:00:00,54.62,Sunny
SENSOR_0007,2025-12-23 07:00:00,26.42,Cloudy
SENSOR_0029,2025-12-25 13:00:00,397.33,Cloudy
SENSOR_0020,2025-12-10 18:00:00,71.22,Cold
SENSOR_0020,2025-12-26 10:00:00,31.86,Hot
SENSOR_0029,2025-12-11 13:00:00,69.05,Cold
SENSOR_0010,2025-12-23 03:00:00,482.89,Hot
SENSOR_0038,2026-01-05 05:00:00,64.66,Hot
SENSOR_0012,2026-01-06 03:00:00,52.85,Hot
SENSOR_0040,2026-01-04 20:00:00,,Cloudy
SENSOR_0050,2025-12-27 13:00:00,201.22,Cloudy
SENSOR_0036,2025-12-18 13:00:00,118.45,Rainy
SENSOR_0039,2025-12-20 19:00:00,41.71,Sunny
SENSOR_0017,2026-01-04 15:00:00,3.13,Sunny
SENSOR_0022,2025-12-29 05:00:00,2.72,Cold
SENSOR_0036,2025-12-18 01:00:00,16.32,Cold
SENSOR_0019,2025-12-26 19:00:00,85.66,Hot
SENSOR_0018,2026-01-05 09:00:00,3.83,Rainy
SENSOR_0001,2025-12-31 23:00:00,59.99,Cold
SENSOR_0014,2025-12-26 00:00:00,30.02,Sunny
SENSOR_0039,2025-12-24 13:00:00,49.37,Sunny
SENSOR_0026,2026-01-05 08:00:00,17.59,Hot
SENSOR_0003,2025-12-13 13:00:00,407.08,Cloudy
SENSOR_0020,2025-12-29 11:00:00,14.74,Cold
SENSOR_0001,2026-01-08 06:00:00,21.94,Cold
SENSOR_0021,2025-12-30 18:00:00,92.95,Rainy
SENSOR_0027,2025-12-24 00:00:00,38.2,Cloudy
SENSOR_0026,2025-12-20 07:00:00,198.84,Rainy
SENSOR_0024,2025-12-20 23:00:00,118.37,Cloudy
SENSOR_0012,2026-01-06 10:00:00,6.54,Cloudy
SENSOR_0009,2025-12-18 11:00:00,33.76,Rainy
SENSOR_0026,2026-01-02 22:00:00,378.02,Sunny
SENSOR_0018,2026-01-05 17:00:00,75.66,Hot
SENSOR_0043,2025-12-11 11:00:00,56.53,Cold
SENSOR_0020,2025-12-14 12:00:00,12.39,Rainy
SENSOR_0006,2025-12-18 09:00:00,13.06,Hot
SENSOR_0006,2025-12-24 01:00:00,20.56,Rainy
SENSOR_0014,2025-12-19 13:00:00,85.7,Hot
SENSOR_0008,2025-12-22 06:00:00,48.71,Cloudy
SENSOR_0008,2025-12-15 15:00:00,431.55,Cloudy
SENSOR_0027,2025-12-18 01:00:00,40.1,Cold
SENSOR_0003,2025-12-21 06:00:00,32.52,Cloudy
SENSOR_0008,2025-12-29 09:00:00,82.47,Cold
SENSOR_0003,2025-12-28 14:00:00,38.76,Cloudy
SENSOR_0038,2025-12-10 19:00:00,335.07,Cloudy
SENSOR_0038,2025-12-12 16:00:00,111.51,Sunny
SENSOR_0035,2026-01-07 14:00:00,72.49,Cold
SENSOR_0048,2025-12-25 23:00:00,378.15,Rainy
SENSOR_0019,2025-12-10 05:00:00,49.43,Hot
SENSOR_0005,2025-12-20 08:00:00,40.34,Hot
SENSOR_0001,2025-12-24 05:00:00,35.52,Cloudy
SENSOR_0048,2025-12-29 08:00:00,121.76,Cold
SENSOR_0031,2026-01-08 11:00:00,,Cold
SENSOR_0048,2025-12-11 04:00:00,1.39,Hot
SENSOR_0020,2026-01-01 15:00:00,,Cloudy
SENSOR_0028,2025-12-20 04:00:00,80.98871772791598,Cloudy
SENSOR_0033,2025-12-13 02:00:00,11.06,Hot
SENSOR_0011,2026-01-05 13:00:00,47.16,Sunny
SENSOR_0001,2025-12-16 17:00:00,77.38,Sunny
SENSOR_0040,2026-01-04 21:00:00,40.43,Hot
SENSOR_0041,2025-12-26 05:00:00,83.65,Sunny
SENSOR_0005,2025-12-27 03:00:00,131.37,Hot
SENSOR_0005,2025-12-15 23:00:00,379.93,Sunny
SENSOR_0019,2025-12-31 09:00:00,284.4,Cold
SENSOR_0010,2026-01-06 23:00:00,0.98,Rainy
SENSOR_0044,2025-12-24 21:00:00,101.09,Rainy
SENSOR_0033,2025-12-14 18:00:00,1.84,Sunny
SENSOR_0006,2025-12-16 22:00:00,183.23,Rainy
SENSOR_0020,2026-01-04 07:00:00,2.77,Sunny
SENSOR_0037,2025-12-19 15:00:00,,Rainy
SENSOR_0008,2025-12-28 07:00:00,59.14,Rainy
SENSOR_0007,2025-12-24 15:00:00,36.04,Cloudy
SENSOR_0031,2025-12-19 02:00:00,23.16,Cloudy
SENSOR_0037,2026-01-03 15:00:00,448.1,Rainy
SENSOR_0011,2025-12-25 12:00:00,268.76954629783637,Hot
SENSOR_0006,2025-12-10 18:00:00,143.93,Cloudy
SENSOR_0022,2026-01-05 17:00:00,283.89,Hot
SENSOR_0034,2026-01-02 00:00:00,32.58,Hot
SENSOR_0046,2026-01-06 21:00:00,30.23,Sunny
SENSOR_0049,2026-01-06 18:00:00,,Sunny
SENSOR_0023,2025-12-16 16:00:00,79.1,Hot
SENSOR_0016,2025-12-29 03:00:00,4.48,Sunny
SENSOR_0019,2026-01-01 06:00:00,6.9,Hot
SENSOR_0009,2025-12-19 10:00:00,34.35,Cloudy
SENSOR_0037,2025-12-21 23:00:00,65.34,Hot
SENSOR_0030,2025-12-19 23:00:00,345.88,Cloudy
SENSOR_0009,2025-12-27 19:00:00,119.77,Cloudy
SENSOR_0036,2025-12-12 21:00:00,27.46,Cold
SENSOR_0005,2025-12-17 22:00:00,74.12,Hot
SENSOR_0024,2026-01-04 13:00:00,16.2,Rainy
SENSOR_0050,2026-01-05 08:00:00,105.36,Rainy
SENSOR_0029,2025-12-30 11:00:00,,Rainy
SENSOR_0010,2025-12-25 10:00:00,151.97,Cold
SENSOR_0036,2025-12-27 08:00:00,10.7,Sunny
SENSOR_0044,2025-12-14 14:00:00,28.72,Sunny
SENSOR_0050,2025-12-15 13:00:00,43.89,Cold
SENSOR_0032,2026-01-01 23:00:00,40.81,Rainy
SENSOR_0031,2025-12-25 13:00:00,321.13,Rainy
SENSOR_0044,2025-12-30 14:00:00,33.55,Rainy
SENSOR_0042,2025-12-20 14:00:00,34.65,Cold
SENSOR_0035,2026-01-05 23:00:00,34.54,Cold
SENSOR_0030,2025-12-16 23:00:00,82.36,Hot
SENSOR_0042,2025-12-27 15:00:00,443.39,Cloudy
SENSOR_0004,2025-12-21 06:00:00,35.39,Rainy
SENSOR_0013,2025-12-13 07:00:00,25.22,Rainy
SENSOR_0029,2025-12-13 02:00:00,38.4,Rainy
SENSOR_0027,2026-01-03 14:00:00,38.43,Rainy
SENSOR_0026,2026-01-05 01:00:00,110.76,Rainy
SENSOR_0037,2025-12-25 20:00:00,52.4,Hot
SENSOR_0007,2025-12-15 06:00:00,819.5337712201729,Hot
SENSOR_0035,2025-12-16 09:00:00,488.48,Rainy
SENSOR_0043,2026-01-04 21:00:00,58.38,Rainy
SENSOR_0036,2025-12-24 11:00:00,,Cloudy
SENSOR_0025,2025-12-09 20:00:00,111.97,Rainy
SENSOR_0037,2025-12-16 08:00:00,37.49,Cloudy
SENSOR_0004,2025-12-26 20:00:00,395.82,Cloudy
SENSOR_0021,2025-12-28 18:00:00,66.67,Cloudy
SENSOR_0014,2025-12-26 01:00:00,7.49,Cloudy
SENSOR_0016,2025-12-21 14:00:00,10.29,Sunny
SENSOR_0023,2025-12-14 19:00:00,48.81,Cold
SENSOR_0012,2025-12-27 09:00:00,2.18,Cold
SENSOR_0024,2026-01-05 16:00:00,84.92,Hot
SENSOR_0019,2025-12-09 19:00:00,12.36,Rainy
SENSOR_0032,2026-01-06 04:00:00,61.57,Cold
SENSOR_0045,2025-12-19 03:00:00,466.52,Cold
SENSOR_0044,2026-01-01 19:00:00,94.0,Hot
SENSOR_0041,2025-12-14 18:00:00,463.57,Hot
SENSOR_0024,2025-12-16 03:00:00,5.44,Sunny
SENSOR_0002,2025-12-25 15:00:00,10.01,Rainy
SENSOR_0035,2026-01-04 15:00:00,81.56,Sunny
SENSOR_0020,2025-12-28 06:00:00,57.18,Cold
SENSOR_0049,2025-12-11 12:00:00,62.35,Cold
SENSOR_0027,2025-12-18 04:00:00,,Cold
SENSOR_0007,2025-12-22 19:00:00,33.85,Sunny
SENSOR_0038,2026-01-02 23:00:00,20.78,Rainy
SENSOR_0002,2026-01-08 01:00:00,2.72,Sunny
SENSOR_0006,2026-01-02 20:00:00,100.47,Rainy
SENSOR_0021,2026-01-01 10:00:00,41.59,Sunny
SENSOR_0003,2025-12-11 20:00:00,46.39,Cold
SENSOR_0018,2025-12-28 04:00:00,36.61,Hot
SENSOR_0017,2025-12-26 18:00:00,193.47,Rainy
SENSOR_0049,2025-12-19 15:00:00,19.1,Hot
SENSOR_0049,2025-12-14 12:00:00,78.71,Rainy
SENSOR_0032,2026-01-03 05:00:00,13.09,Sunny
SENSOR_0030,2026-01-05 16:00:00,49.34,Rainy
SENSOR_0045,2025-12-20 11:00:00,478.08,Cold
SENSOR_0039,2025-12-17 20:00:00,151.62,Rainy
SENSOR_0031,2025-12-26 06:00:00,44.02,Cold
SENSOR_0027,2025-12-24 16:00:00,89.41,Cloudy
SENSOR_0002,2026-01-04 20:00:00,87.9,Cloudy
SENSOR_0034,2025-12-12 12:00:00,287.25,Rainy
SENSOR_0032,2026-01-02 15:00:00,,Sunny
SENSOR_0044,2025-12-30 04:00:00,104.89,Rainy
SENSOR_0025,2025-12-28 16:00:00,167.86,Cloudy
SENSOR_0010,2025-12-27 14:00:00,130.93,Hot
SENSOR_0003,2025-12-25 15:00:00,241.94,Rainy
SENSOR_0030,2026-01-05 14:00:00,268.63,Cloudy
SENSOR_0020,2025-12-29 09:00:00,,Rainy
SENSOR_0006,2025-12-20 06:00:00,35.86,Cloudy
SENSOR_0021,2025-12-10 18:00:00,376.23,Rainy
SENSOR_0041,2026-01-07 00:00:00,62.81,Rainy
SENSOR_0047,2025-12-27 19:00:00,30.95,Rainy
SENSOR_0022,2025-12-26 01:00:00,30.76,Rainy
SENSOR_0002,2025-12-29 18:00:00,96.15,Hot
SENSOR_0050,2025-12-14 03:00:00,113.67,Sunny
SENSOR_0025,2025-12-22 23:00:00,98.26,Cold
SENSOR_0021,2025-12-13 11:00:00,35.79,Hot
SENSOR_0004,2025-12-30 18:00:00,37.8,Hot
SENSOR_0049,2025-12-13 03:00:00,1.44,Hot
SENSOR_0048,2025-12-29 06:00:00,55.6,Hot
SENSOR_0033,2025-12-23 21:00:00,372.32,Rainy
SENSOR_0013,2026-01-03 08:00:00,,Cloudy
SENSOR_0033,2025-12-16 09:00:00,,Cloudy
SENSOR_0050,2026-01-05 21:00:00,94.16,Rainy
SENSOR_0044,2025-12-17 01:00:00,13.53,Sunny
SENSOR_0030,2025-12-23 12:00:00,230.95,Hot
SENSOR_0049,2025-12-27 11:00:00,14.48,Hot
SENSOR_0003,2025-12-30 21:00:00,57.23,Cloudy
SENSOR_0042,2025-12-27 18:00:00,40.28,Cold
SENSOR_0016,2025-12-27 05:00:00,331.77,Sunny
SENSOR_0005,2026-01-08 01:00:00,25.45,Cloudy
SENSOR_0038,2026-01-03 11:00:00,56.57,Rainy
SENSOR_0045,2025-12-30 16:00:00,36.06,Cold
SENSOR_0028,2026-01-03 21:00:00,56.28,Rainy
SENSOR_0007,2025-12-24 16:00:00,446.08,Sunny
SENSOR_0014,2026-01-06 14:00:00,430.5557426229008,Cloudy
SENSOR_0030,2025-12-28 21:00:00,22.88,Cold
SENSOR_0013,2026-01-05 05:00:00,29.45,Cloudy
SENSOR_0049,2025-12-11 12:00:00,53.05234710378771,Sunny
SENSOR_0029,2025-12-23 18:00:00,31.08,Sunny
SENSOR_0012,2025-12-31 16:00:00,17.4,Rainy
SENSOR_0033,2025-12-22 11:00:00,15.85,Cold
SENSOR_0004,2025-12-20 01:00:00,32.75,Hot
SENSOR_0036,2025-12-25 03:00:00,171.84,Hot
SENSOR_0009,2025-12-29 09:00:00,,Hot
SENSOR_0042,2025-12-20 23:00:00,60.73,Hot
SENSOR_0041,2026-01-01 15:00:00,7.948255788995155,Rainy
SENSOR_0019,2026-01-07 02:00:00,31.51,Sunny
SENSOR_0009,2025-12-31 14:00:00,1.7,Cloudy
SENSOR_0030,2025-12-09 22:00:00,274.09,Cloudy
SENSOR_0009,2025-12-27 03:00:00,32.38,Sunny
SENSOR_0042,2025-12-24 17:00:00,31.87,Cold
SENSOR_0026,2025-12-27 19:00:00,54.04,Cold
SENSOR_0043,2025-12-10 00:00:00,98.54,Sunny
SENSOR_0010,2025-12-27 15:00:00,44.67,Cloudy
SENSOR_0043,2025-12-09 21:00:00,209.99,Sunny
SENSOR_0028,2025-12-18 09:00:00,70.67915106422127,Rainy
SENSOR_0035,2025-12-13 10:00:00,71.55,Cold
SENSOR_0010,2025-12-13 23:00:00,105.63,Cloudy
SENSOR_0020,2026-01-04 12:00:00,14.47,Hot
SENSOR_0011,2026-01-03 15:00:00,103.26,Sunny
SENSOR_0008,2025-12-16 14:00:00,38.01,Rainy
SENSOR_0013,2025-12-29 21:00:00,72.12,Rainy
SENSOR_0022,2025-12-17 02:00:00,345.64,Sunny
SENSOR_0050,2025-12-10 08:00:00,95.03,Cloudy
SENSOR_0028,2026-01-03 00:00:00,378.04,Sunny
SENSOR_0016,2025-12-22 01:00:00,3.75,Hot
SENSOR_0020,2025-12-19 03:00:00,34.48,Sunny
SENSOR_0022,2025-12-14 13:00:00,92.59,Hot
SENSOR_0037,2025-12-18 00:00:00,6.83,Hot
SENSOR_0044,2026-01-02 09:00:00,17.47,Sunny
SENSOR_0024,2025-12-09 23:00:00,2.78,Hot
SENSOR_0043,2026-01-01 14:00:00,28.57,Rainy
SENSOR_0009,2025-12-27 10:00:00,27.82,Rainy
SENSOR_0009,2026-01-01 13:00:00,35.56,Cold
SENSOR_0022,2025-12-16 13:00:00,113.36,Cloudy
SENSOR_0027,2026-01-07 20:00:00,51.5,Hot
SENSOR_0040,2025-12-27 09:00:00,3.34,Rainy
SENSOR_0042,2026-01-02 07:00:00,295.44,Sunny
SENSOR_0033,2026-01-04 04:00:00,101.63,Sunny
SENSOR_0020,2026-01-05 12:00:00,,Hot
SENSOR_0048,2025-12-23 17:00:00,67.66,Rainy
SENSOR_0026,2025-12-29 15:00:00,25.85,Rainy
SENSOR_0050,2026-01-02 09:00:00,96.36,Sunny
SENSOR_0020,2025-12-29 00:00:00,35.72,Cloudy
SENSOR_0031,2025-12-20 05:00:00,45.16,Cold
SENSOR_0021,2026-01-08 00:00:00,81.18,Cold
SENSOR_0046,2025-12-17 07:00:00,117.45,Cold
SENSOR_0032,2025-12-17 17:00:00,98.67,Cloudy
SENSOR_0021,2025-12-12 01:00:00,30.39,Rainy
SENSOR_0025,2025-12-16 05:00:00,17.1,Cloudy
SENSOR_0019,2025-12-25 18:00:00,96.99,Rainy
SENSOR_0027,2025-12-13 03:00:00,90.29,Sunny
SENSOR_0046,2025-12-27 18:00:00,,Sunny
SENSOR_0015,2025-12-22 12:00:00,446.91,Cloudy
SENSOR_0039,2026-01-07 06:00:00,47.15,Hot
SENSOR_0020,2025-12-15 00:00:00,24.37,Sunny
SENSOR_0039,2025-12-26 00:00:00,,Rainy
SENSOR_0046,2025-12-11 11:00:00,35.11,Cold
SENSOR_0007,2026-01-02 00:00:00,109.48890097972642,Cloudy
SENSOR_0047,2025-12-27 01:00:00,21.39,Cloudy
SENSOR_0019,2025-12-15 22:00:00,37.45,Cloudy
SENSOR_0021,2026-01-08 07:00:00,78.56,Cloudy
SENSOR_0049,2026-01-07 00:00:00,43.18,Hot
SENSOR_0020,2025-12-09 21:00:00,53.01,Cold
SENSOR_0031,2025-12-29 13:00:00,29.54,Rainy
SENSOR_0017,2025-12-31 04:00:00,92.22,Cold
SENSOR_0028,2026-01-06 00:00:00,122.07,Cold
SENSOR_0026,2025-12-19 20:00:00,92.65,Rainy
SENSOR_0023,2026-01-04 15:00:00,6.34,Sunny
SENSOR_0007,2025-12-13 11:00:00,30.51,Sunny
SENSOR_0001,2025-12-16 12:00:00,179.37403499600327,Sunny
SENSOR_0015,2025-12-10 20:00:00,25.67,Cold
SENSOR_0050,2025-12-23 06:00:00,340.91,Sunny
SENSOR_0009,2025-12-31 00:00:00,77.07,Rainy
SENSOR_0045,2026-01-03 00:00:00,31.02,Cloudy
SENSOR_0044,2025-12-16 08:00:00,136.54,Hot
SENSOR_0009,2025-12-22 19:00:00,16.26,Hot
SENSOR_0033,2025-12-22 20:00:00,173.35,Cold
SENSOR_0041,2026-01-01 05:00:00,78.87,Sunny
SENSOR_0029,2026-01-07 18:00:00,226.7,Cold
SENSOR_0017,2025-12-17 12:00:00,26.69,Cold
SENSOR_0044,2025-12-13 18:00:00,57.44,Hot
SENSOR_0033,2026-01-01 08:00:00,2.49,Rainy
SENSOR_0021,2025-12-28 04:00:00,11.36,Cloudy
SENSOR_0031,2025-12-14 20:00:00,108.79,Cloudy
SENSOR_0039,2025-12-27 03:00:00,413.76,Cold
SENSOR_0005,2025-12-30 02:00:00,21.55,Hot
SENSOR_0003,2025-12-26 20:00:00,72.15,Cloudy
SENSOR_0034,2026-01-02 13:00:00,81.95,Hot
SENSOR_0036,2025-12-25 22:00:00,44.69,Sunny
SENSOR_0030,2025-12-31 11:00:00,47.81,Sunny
SENSOR_0004,2025-12-18 15:00:00,,Cloudy
SENSOR_0047,2025-12-30 20:00:00,,Hot
SENSOR_0022,2025-12-18 19:00:00,83.81,Sunny
SENSOR_0040,2026-01-08 06:00:00,97.66,Sunny
SENSOR_0024,2026-01-01 23:00:00,114.86,Cold
SENSOR_0032,2025-12-14 17:00:00,110.27,Cloudy
SENSOR_0032,2025-12-13 07:00:00,229.57,Rainy
SENSOR_0036,2025-12-30 19:00:00,67.3,Hot
SENSOR_0025,2025-12-11 16:00:00,13.56,Cloudy
SENSOR_0012,2025-12-25 17:00:00,651.8169992866908,Rainy
SENSOR_0042,2025-12-30 03:00:00,43.14,Rainy
SENSOR_0039,2025-12-28 23:00:00,27.94,Rainy
SENSOR_0008,2025-12-15 21:00:00,34.16,Sunny
SENSOR_0043,2025-12-20 16:00:00,17.75,Hot
SENSOR_0046,2025-12-19 07:00:00,36.52,Hot
SENSOR_0010,2025-12-25 12:00:00,58.5,Cloudy
SENSOR_0039,2025-12-21 08:00:00,404.58,Cold
SENSOR_0022,2025-12-17 05:00:00,405.64,Hot
SENSOR_0011,2025-12-30 06:00:00,108.89,Hot
SENSOR_0006,2026-01-06 07:00:00,145.08,Rainy
SENSOR_0025,2025-12-22 17:00:00,98.2,Cold
SENSOR_0006,2025-12-31 22:00:00,356.93,Cloudy
SENSOR_0001,2026-01-01 09:00:00,43.43,Rainy
SENSOR_0030,2025-12-27 16:00:00,13.33,Sunny
SENSOR_0039,2025-12-15 14:00:00,3.82,Sunny
SENSOR_0046,2026-01-07 17:00:00,102.84,Cloudy
SENSOR_0038,2025-12-16 10:00:00,,Rainy
SENSOR_0039,2025-12-12 08:00:00,64.35,Rainy
SENSOR_0013,2025-12-10 02:00:00,26.98,Rainy
SENSOR_0018,2025-12-27 23:00:00,33.89,Cloudy
SENSOR_0004,2025-12-12 17:00:00,107.86,Cold
SENSOR_0002,2025-12-31 05:00:00,13.94,Sunny
SENSOR_0042,2025-12-31 05:00:00,4.17,Sunny
SENSOR_0027,2025-12-16 05:00:00,102.26,Sunny
SENSOR_0049,2025-12-10 17:00:00,16.88,Hot
SENSOR_0029,2025-12-26 08:00:00,368.76,Sunny
SENSOR_0030,2025-12-28 00:00:00,85.31,Rainy
SENSOR_0026,2025-12-11 11:00:00,107.42,Hot
SENSOR_0050,2026-01-07 16:00:00,17.1,Rainy
SENSOR_0003,2025-12-19 22:00:00,96.31,Hot
SENSOR_0033,2025-12-23 18:00:00,103.19,Sunny
SENSOR_0007,2025-12-28 15:00:00,11.28,Sunny
SENSOR_0050,2025-12-31 18:00:00,491.1,Cold
SENSOR_0020,2026-01-07 10:00:00,48.25,Cold
SENSOR_0022,2025-12-25 03:00:00,93.64,Cold
SENSOR_0033,2026-01-03 00:00:00,232.61,Cold
SENSOR_0017,2025-12-15 23:00:00,22.99,Cold
SENSOR_0039,2025-12-19 22:00:00,108.63,Sunny
SENSOR_0024,2026-01-05 17:00:00,,Hot
SENSOR_0030,2025-12-18 17:00:00,70.0,Sunny
SENSOR_0050,2026-01-08 18:00:00,16.93,Cold
SENSOR_0039,2026-01-02 14:00:00,72.3,Sunny
SENSOR_0022,2026-01-01 00:00:00,25.29,Cloudy
SENSOR_0037,2026-01-08 04:00:00,98.81,Hot
SENSOR_0027,2026-01-07 15:00:00,77.35,Hot
SENSOR_0033,2025-12-29 08:00:00,5.66,Rainy
SENSOR_0037,2025-12-30 11:00:00,262.58,Rainy
SENSOR_0022,2025-12-21 02:00:00,589.7276245725938,Cold
SENSOR_0031,2026-01-06 07:00:00,38.66,Hot
SENSOR_0034,2025-12-20 13:00:00,85.41,Rainy
SENSOR_0017,2026-01-02 08:00:00,8.31,Sunny
SENSOR_0046,2026-01-01 08:00:00,14.34,Cold
SENSOR_0039,2025-12-10 04:00:00,32.01,Rainy
SENSOR_0037,2025-12-11 15:00:00,33.49,Cloudy
SENSOR_0001,2026-01-03 00:00:00,433.82,Cold
SENSOR_0047,2025-12-29 23:00:00,38.4,Cloudy
SENSOR_0019,2026-01-07 03:00:00,25.51,Cold
SENSOR_0043,2026-01-08 11:00:00,39.56,Cloudy
SENSOR_0048,2025-12-11 22:00:00,33.11,Hot
SENSOR_0026,2025-12-12 18:00:00,,Cold
SENSOR_0035,2025-12-31 09:00:00,32.07,Hot
SENSOR_0022,2025-12-29 06:00:00,19.55,Rainy
SENSOR_0043,2026-01-01 12:00:00,92.27,Sunny
SENSOR_0031,2025-12-19 07:00:00,40.17,Cold
SENSOR_0017,2026-01-01 18:00:00,211.1470037328948,Cloudy
SENSOR_0003,2025-12-22 06:00:00,364.97,Cold
SENSOR_0011,2025-12-25 18:00:00,30.44,Sunny
SENSOR_0046,2025-12-12 06:00:00,,Cold
SENSOR_0001,2025-12-26 22:00:00,282.93,Cold
SENSOR_0046,2026-01-07 22:00:00,17.11,Cloudy
SENSOR_0008,2025-12-14 02:00:00,218.45,Cloudy
SENSOR_0021,2026-01-05 08:00:00,57.85,Cold
SENSOR_0037,2025-12-26 11:00:00,3.87,Cloudy
SENSOR_0007,2025-12-26 12:00:00,80.82,Sunny
SENSOR_0013,2025-12-11 01:00:00,90.72,Hot
SENSOR_0043,2026-01-04 11:00:00,59.29,Sunny
SENSOR_0026,2025-12-28 11:00:00,10.1,Cloudy
SENSOR_0032,2026-01-05 10:00:00,23.47,Cold
SENSOR_0020,2026-01-04 05:00:00,114.39,Sunny
SENSOR_0020,2025-12-20 20:00:00,34.87,Sunny
SENSOR_0032,2025-12-25 23:00:00,4.78,Hot
SENSOR_0038,2025-12-16 18:00:00,98.98,Hot
SENSOR_0010,2025-12-21 05:00:00,82.73,Cloudy
SENSOR_0028,2025-12-30 18:00:00,71.15,Rainy
SENSOR_0030,2025-12-18 05:00:00,40.62,Cloudy
SENSOR_0005,2025-12-10 10:00:00,47.72,Rainy
SENSOR_0026,2025-12-18 09:00:00,76.78,Rainy
SENSOR_0012,2026-01-01 13:00:00,87.69,Cold
SENSOR_0017,2025-12-24 00:00:00,40.3,Hot
SENSOR_0050,2025-12-24 11:00:00,17.33,Hot
SENSOR_0001,2025-12-29 06:00:00,64.96,Cold
SENSOR_0018,2026-01-01 11:00:00,16.02,Rainy
SENSOR_0024,2025-12-27 04:00:00,88.15,Hot
SENSOR_0046,2025-12-14 22:00:00,50.35,Sunny
SENSOR_0038,2026-01-04 03:00:00,417.65,Hot
SENSOR_0011,2025-12-13 09:00:00,64.4,Rainy
SENSOR_0008,2026-01-06 08:00:00,10.53,Cold
SENSOR_0021,2025-12-24 12:00:00,92.43,Cold
SENSOR_0002,2026-01-01 19:00:00,93.17,Cold
SENSOR_0032,2025-12-20 16:00:00,105.63,Hot
SENSOR_0036,2025-12-22 10:00:00,30.48,Cloudy
SENSOR_0043,2025-12-14 09:00:00,159.92,Cloudy
SENSOR_0050,2025-12-17 02:00:00,6.26,Sunny
SENSOR_0024,2025-12-19 10:00:00,88.7,Sunny
SENSOR_0028,2026-01-02 10:00:00,37.01,Rainy
SENSOR_0046,2025-12-14 01:00:00,57.96,Hot
SENSOR_0019,2025-12-20 06:00:00,66.88,Cloudy
SENSOR_0039,2025-12-15 18:00:00,71.22,Cold
SENSOR_0018,2025-12-12 10:00:00,165.43,Rainy
SENSOR_0014,2025-12-12 23:00:00,426.96,Cloudy
SENSOR_0016,2026-01-06 23:00:00,79.13,Cold
SENSOR_0003,2025-12-15 08:00:00,50.8,Sunny
SENSOR_0010,2025-12-14 04:00:00,39.2,Rainy
SENSOR_0039,2025-12-28 16:00:00,,Rainy
SENSOR_0033,2025-12-19 12:00:00,449.99,Cold
SENSOR_0010,2026-01-07 18:00:00,10.67,Hot
SENSOR_0028,2025-12-22 14:00:00,40.07,Cloudy
SENSOR_0031,2025-12-14 22:00:00,51.37,Cold
SENSOR_0050,2025-12-15 08:00:00,82.63,Rainy
SENSOR_0041,2025-12-15 22:00:00,41.27,Rainy
SENSOR_0043,2025-12-12 09:00:00,51.31564442879252,Rainy
SENSOR_0046,2025-12-19 18:00:00,296.32,Sunny
SENSOR_0001,2025-12-28 06:00:00,78.21,Cold
SENSOR_0016,2026-01-04 12:00:00,,Cloudy
SENSOR_0020,2026-01-08 00:00:00,77.56,Rainy
SENSOR_0039,2025-12-17 06:00:00,40.14,Hot
SENSOR_0027,2025-12-18 11:00:00,431.09,Hot
SENSOR_0042,2025-12-24 17:00:00,51.49,Hot
SENSOR_0005,2026-01-02 08:00:00,276.55,Sunny
SENSOR_0002,2025-12-26 01:00:00,7.14,Cloudy
SENSOR_0025,2025-12-18 17:00:00,136.11,Cold
SENSOR_0002,2025-12-16 22:00:00,47.95,Cold
SENSOR_0003,2025-12-19 02:00:00,47.21,Cold
SENSOR_0012,2025-12-19 23:00:00,56.15,Cold
SENSOR_0021,2026-01-03 13:00:00,66.33,Cloudy
SENSOR_0036,2025-12-14 04:00:00,44.51,Hot
SENSOR_0039,2026-01-01 15:00:00,104.28,Cold
SENSOR_0028,2026-01-08 14:00:00,41.97,Cloudy
SENSOR_0041,2026-01-05 03:00:00,291.64,Cold
SENSOR_0045,2025-12-25 08:00:00,104.41,Sunny
SENSOR_0034,2025-12-20 13:00:00,4.34,Cold
SENSOR_0049,2025-12-24 15:00:00,93.9,Rainy
SENSOR_0035,2026-01-06 16:00:00,89.3,Cloudy
SENSOR_0049,2026-01-04 09:00:00,51.6,Hot
SENSOR_0032,2026-01-07 10:00:00,18.08,Rainy
SENSOR_0020,2025-12-30 13:00:00,9.23,Rainy
SENSOR_0006,2025-12-25 22:00:00,46.12,Cloudy
SENSOR_0041,2025-12-19 16:00:00,0.41,Cold
SENSOR_0050,2025-12-15 22:00:00,35.9,Cloudy
SENSOR_0035,2026-01-04 15:00:00,27.05,Cloudy
SENSOR_0004,2025-12-13 02:00:00,57.77,Hot
SENSOR_0013,2025-12-25 01:00:00,95.19,Cold
SENSOR_0050,2026-01-05 07:00:00,181.28,Cold
SENSOR_0047,2025-12-30 04:00:00,363.65,Sunny
SENSOR_0005,2025-12-16 01:00:00,61.17,Cold
SENSOR_0045,2025-12-19 01:00:00,50.57,Cloudy
SENSOR_0024,2026-01-08 16:00:00,83.34,Cloudy
SENSOR_0033,2026-01-02 22:00:00,107.45,Rainy
SENSOR_0036,2025-12-15 18:00:00,67.39,Cloudy
SENSOR_0044,2025-12-11 20:00:00,60.03,Cloudy
SENSOR_0019,2025-12-24 01:00:00,285.32,Hot
SENSOR_0040,2025-12-22 15:00:00,,Sunny
SENSOR_0004,2025-12-15 07:00:00,4.35,Sunny
SENSOR_0029,2025-12-29 12:00:00,171.7,Cold
SENSOR_0027,2025-12-10 04:00:00,26.09,Cloudy
SENSOR_0016,2025-12-14 02:00:00,57.65,Hot
SENSOR_0036,2026-01-03 08:00:00,53.19,Rainy
SENSOR_0026,2025-12-23 03:00:00,447.4,Cloudy
SENSOR_0045,2026-01-05 03:00:00,72.03,Cloudy
SENSOR_0014,2025-12-15 06:00:00,383.41,Cold
SENSOR_0010,2025-12-29 05:00:00,58.99,Cloudy
SENSOR_0023,2026-01-07 18:00:00,82.08,Cold
SENSOR_0026,2025-12-31 12:00:00,79.6,Cold
SENSOR_0020,2025-12-13 19:00:00,99.08,Hot
SENSOR_0001,2025-12-27 20:00:00,75.84,Rainy
SENSOR_0027,2026-01-02 16:00:00,40.43,Hot
SENSOR_0013,2025-12-17 05:00:00,98.93,Rainy
SENSOR_0004,2025-12-14 05:00:00,60.19,Hot
SENSOR_0036,2025-12-25 21:00:00,16.34,Cold
SENSOR_0040,2025-12-16 01:00:00,,Cold
SENSOR_0019,2025-12-30 13:00:00,297.32,Sunny
SENSOR_0015,2025-12-21 16:00:00,9.96,Hot
SENSOR_0007,2026-01-02 01:00:00,14.66,Sunny
SENSOR_0036,2025-12-17 00:00:00,27.36,Sunny
SENSOR_0029,2025-12-17 18:00:00,115.62,Rainy
SENSOR_0042,2025-12-27 15:00:00,88.45,Hot
SENSOR_0037,2025-12-11 13:00:00,7.92,Hot
SENSOR_0025,2025-12-12 11:00:00,21.14,Sunny
SENSOR_0019,2026-01-08 14:00:00,69.7,Sunny
SENSOR_0002,2025-12-24 14:00:00,339.02,Cloudy
SENSOR_0035,2025-12-20 04:00:00,113.87,Rainy
SENSOR_0029,2025-12-16 05:00:00,2.53,Cold
SENSOR_0008,2025-12-23 18:00:00,47.7,Cloudy
SENSOR_0042,2025-12-19 16:00:00,88.55,Sunny
SENSOR_0032,2026-01-06 11:00:00,55.46,Hot
SENSOR_0024,2025-12-14 17:00:00,77.02,Cloudy
SENSOR_0026,2025-12-12 03:00:00,267.12,Cloudy
SENSOR_0030,2025-12-25 07:00:00,43.78,Hot
SENSOR_0043,2025-12-13 22:00:00,23.77,Cloudy
SENSOR_0002,2025-12-28 07:00:00,75.97,Sunny
SENSOR_0042,2025-12-25 06:00:00,18.96,Cold
SENSOR_0002,2025-12-30 22:00:00,51.11,Cloudy
SENSOR_0033,2025-12-12 06:00:00,26.44,Cold
SENSOR_0003,2025-12-12 13:00:00,57.59,Sunny
SENSOR_0018,2026-01-04 06:00:00,48.89,Sunny
SENSOR_0022,2026-01-01 09:00:00,79.89,Cold
SENSOR_0038,2025-12-28 14:00:00,116.6,Cold
SENSOR_0017,2025-12-16 01:00:00,51.27,Cold
SENSOR_0048,2025-12-12 16:00:00,5.05,Sunny
SENSOR_0028,2026-01-07 04:00:00,202.28,Rainy
SENSOR_0021,2025-12-10 19:00:00,28.03,Cloudy
SENSOR_0017,2026-01-01 18:00:00,30.33,Rainy
SENSOR_0022,2025-12-30 17:00:00,9.44,Hot
SENSOR_0016,2026-01-01 14:00:00,24.63,Rainy
SENSOR_0010,2025-12-16 17:00:00,15.91,Cloudy
SENSOR_0026,2025-12-29 06:00:00,53.41,Cloudy
SENSOR_0020,2025-12-27 18:00:00,203.71,Rainy
SENSOR_0021,2025-12-23 15:00:00,43.71,Hot
SENSOR_0023,2025-12-11 17:00:00,74.95,Cold
SENSOR_0021,2025-12-24 06:00:00,371.14,Hot
SENSOR_0007,2025-12-20 14:00:00,20.75007897898987,Cloudy
SENSOR_0026,2026-01-06 06:00:00,12.02,Cloudy
SENSOR_0012,2025-12-29 20:00:00,77.56,Rainy
SENSOR_0018,2025-12-22 14:00:00,105.16,Hot
SENSOR_0050,2025-12-25 07:00:00,79.96,Sunny
SENSOR_0002,2025-12-12 09:00:00,68.3,Cloudy
SENSOR_0024,2025-12-20 04:00:00,11.21,Cold
SENSOR_0016,2026-01-02 04:00:00,56.99,Cold
SENSOR_0042,2025-12-31 00:00:00,24.13,Hot
SENSOR_0038,2025-12-16 20:00:00,35.39,Cold
SENSOR_0050,2025-12-31 12:00:00,39.53,Sunny
SENSOR_0005,2025-12-10 15:00:00,83.18,Sunny
SENSOR_0004,2025-12-24 16:00:00,78.38,Cloudy
SENSOR_0039,2025-12-15 23:00:00,95.24,Rainy
SENSOR_0032,2025-12-15 13:00:00,29.03,Sunny
SENSOR_0043,2025-12-29 06:00:00,481.12,Rainy
SENSOR_0005,2025-12-14 19:00:00,,Cloudy
SENSOR_0033,2025-12-15 17:00:00,14.638113590481066,Rainy
SENSOR_0030,2025-12-13 09:00:00,6.41,Rainy
SENSOR_0008,2025-12-12 13:00:00,349.72,Sunny
SENSOR_0033,2025-12-14 07:00:00,307.18,Sunny
SENSOR_0025,2025-12-24 12:00:00,93.0,Rainy
SENSOR_0027,2025-12-18 15:00:00,118.69,Cloudy
SENSOR_0037,2025-12-18 06:00:00,112.03,Cloudy
SENSOR_0006,2025-12-22 23:00:00,431.62,Rainy
SENSOR_0009,2025-12-29 01:00:00,21.6,Cold
SENSOR_0032,2026-01-07 07:00:00,458.59,Cold
SENSOR_0025,2026-01-07 02:00:00,95.78,Sunny
SENSOR_0020,2025-12-24 21:00:00,96.39,Sunny
SENSOR_0014,2026-01-08 09:00:00,110.41,Cold
SENSOR_0028,2025-12-22 17:00:00,61.55,Sunny
SENSOR_0015,2025-12-11 19:00:00,102.8,Sunny
SENSOR_0012,2025-12-27 14:00:00,399.53,Sunny
SENSOR_0050,2025-12-15 22:00:00,84.58,Cold
SENSOR_0046,2025-12-31 07:00:00,82.46,Hot
SENSOR_0037,2025-12-27 15:00:00,425.32,Hot
SENSOR_0019,2025-12-20 10:00:00,95.7,Cold
SENSOR_0039,2025-12-28 07:00:00,138.69,Rainy
SENSOR_0041,2025-12-25 00:00:00,95.13,Sunny
SENSOR_0037,2025-12-23 02:00:00,44.4,Sunny
SENSOR_0002,2026-01-03 01:00:00,,Cloudy
SENSOR_0034,2025-12-10 12:00:00,51.79,Cloudy
SENSOR_0001,2026-01-03 06:00:00,22.98,Cloudy
SENSOR_0020,2025-12-29 23:00:00,256.21,Cold
SENSOR_0009,2026-01-05 17:00:00,33.15,Cold
SENSOR_0042,2025-12-21 06:00:00,85.68,Sunny
SENSOR_0043,2025-12-31 18:00:00,341.09,Sunny
SENSOR_0022,2025-12-20 17:00:00,,Sunny
SENSOR_0047,2025-12-24 23:00:00,27.04,Rainy
SENSOR_0013,2025-12-31 21:00:00,45.49,Rainy
SENSOR_0011,2025-12-28 06:00:00,483.31,Sunny
SENSOR_0027,2025-12-20 02:00:00,52.58,Cloudy
SENSOR_0012,2025-12-25 19:00:00,223.54,Sunny
SENSOR_0048,2026-01-08 00:00:00,30.41,Hot
SENSOR_0021,2025-12-31 15:00:00,56.41,Cloudy
SENSOR_0045,2025-12-11 02:00:00,38.26,Rainy
SENSOR_0024,2025-12-27 07:00:00,252.98,Rainy
SENSOR_0036,2026-01-03 05:00:00,90.46,Hot
SENSOR_0027,2025-12-30 18:00:00,12.07,Hot
SENSOR_0013,2026-01-05 05:00:00,360.96,Cold
SENSOR_0029,2026-01-06 17:00:00,201.58,Rainy
SENSOR_0004,2025-12-13 00:00:00,50.6,Sunny
SENSOR_0008,2026-01-01 01:00:00,40.1,Cold
SENSOR_0045,2025-12-22 23:00:00,104.19,Cold
SENSOR_0003,2025-12-23 18:00:00,185.208224907298,Sunny
SENSOR_0001,2025-12-15 06:00:00,23.15,Hot
SENSOR_0041,2025-12-21 15:00:00,454.35,Rainy
SENSOR_0030,2025-12-18 00:00:00,260.23,Cold
SENSOR_0008,2025-12-29 17:00:00,44.65,Cold
SENSOR_0005,2025-12-26 12:00:00,23.28,Rainy
SENSOR_0045,2026-01-02 06:00:00,30.99,Hot
SENSOR_0023,2026-01-01 05:00:00,7.19,Cold
SENSOR_0034,2026-01-07 10:00:00,89.55,Hot
SENSOR_0008,2025-12-16 18:00:00,34.33,Cold
SENSOR_0012,2025-12-23 07:00:00,66.13,Rainy
SENSOR_0013,2025-12-20 21:00:00,18.98,Cloudy
SENSOR_0005,2025-12-18 09:00:00,439.99,Sunny
SENSOR_0011,2025-12-11 09:00:00,0.19,Rainy
SENSOR_0018,2025-12-18 15:00:00,102.66,Cloudy
SENSOR_0016,2025-12-19 19:00:00,2.000744664364287,Hot
SENSOR_0047,2026-01-07 04:00:00,104.05,Cloudy
SENSOR_0028,2025-12-24 11:00:00,40.26,Rainy
SENSOR_0031,2025-12-13 21:00:00,102.68,Rainy
SENSOR_0038,2025-12-20 13:00:00,41.79,Cold
SENSOR_0042,2025-12-26 22:00:00,159.53,Cloudy
SENSOR_0034,2025-12-20 13:00:00,54.41,Cloudy
SENSOR_0031,2025-12-31 16:00:00,,Rainy
SENSOR_0014,2026-01-05 08:00:00,382.17,Sunny
SENSOR_0043,2025-12-30 14:00:00,43.46,Rainy
SENSOR_0049,2025-12-19 09:00:00,19.87,Rainy
SENSOR_0039,2025-12-29 03:00:00,38.28,Rainy
SENSOR_0021,2025-12-31 20:00:00,,Cold
SENSOR_0024,2025-12-29 13:00:00,22.41,Cloudy
SENSOR_0001,2026-01-01 21:00:00,220.85379206343518,Sunny
SENSOR_0035,2025-12-22 22:00:00,,Sunny
SENSOR_0006,2026-01-01 07:00:00,69.72,Hot
SENSOR_0048,2025-12-22 02:00:00,116.67,Cloudy
SENSOR_0032,2026-01-05 06:00:00,239.11,Cold
SENSOR_0029,2025-12-18 10:00:00,54.21,Sunny
SENSOR_0033,2026-01-07 17:00:00,21.13,Sunny
SENSOR_0026,2026-01-08 15:00:00,72.99,Cold
SENSOR_0050,2025-12-16 03:00:00,386.83,Hot
SENSOR_0007,2025-12-11 17:00:00,30.35,Cloudy
SENSOR_0021,2025-12-11 04:00:00,,Hot
SENSOR_0005,2026-01-07 21:00:00,146.15832027127166,Rainy
SENSOR_0004,2025-12-29 10:00:00,59.65,Cold
SENSOR_0032,2025-12-24 13:00:00,41.88,Cloudy
SENSOR_0025,2026-01-05 12:00:00,32.33,Sunny
SENSOR_0010,2026-01-03 21:00:00,3.27,Rainy
SENSOR_0006,2025-12-27 16:00:00,,Rainy
SENSOR_0033,2025-12-19 03:00:00,26.41,Cold
SENSOR_0015,2025-12-31 05:00:00,299.76,Sunny
SENSOR_0042,2025-12-29 05:00:00,100.24,Cold
SENSOR_0023,2025-12-27 15:00:00,86.44,Sunny
SENSOR_0036,2026-01-05 00:00:00,80.08,Sunny
SENSOR_0003,2025-12-22 09:00:00,30.13,Cold
SENSOR_0010,2026-01-02 03:00:00,9.44,Cold
SENSOR_0024,2025-12-21 02:00:00,75.0,Hot
SENSOR_0040,2026-01-07 12:00:00,34.92,Rainy
SENSOR_0029,2025-12-27 20:00:00,100.07,Rainy
SENSOR_0037,2026-01-05 18:00:00,1.32,Sunny
SENSOR_0010,2025-12-20 06:00:00,134.66,Cold
SENSOR_0022,2025-12-17 02:00:00,159.82,Cold
SENSOR_0044,2025-12-30 21:00:00,49.84,Cloudy
SENSOR_0018,2026-01-05 11:00:00,94.05,Cold
SENSOR_0029,2026-01-05 15:00:00,0.56,Hot
SENSOR_0033,2025-12-23 23:00:00,89.98,Hot
SENSOR_0013,2026-01-07 03:00:00,53.16,Rainy
SENSOR_0027,2025-12-29 01:00:00,11.29,Cold
SENSOR_0044,2026-01-05 23:00:00,269.15,Rainy
SENSOR_0003,2025-12-22 19:00:00,581.8890727755619,Hot
SENSOR_0006,2025-12-13 21:00:00,27.25,Rainy
SENSOR_0002,2025-12-18 23:00:00,75.05,Sunny
SENSOR_0026,2026-01-03 05:00:00,52.41,Sunny
SENSOR_0021,2026-01-04 03:00:00,18.86,Cloudy
SENSOR_0025,2025-12-15 04:00:00,91.15,Rainy
SENSOR_0015,2025-12-19 18:00:00,40.66,Cold
SENSOR_0035,2025-12-12 05:00:00,9.76,Rainy
SENSOR_0026,2025-12-23 12:00:00,58.59,Rainy
SENSOR_0030,2026-01-03 09:00:00,17.13,Hot
SENSOR_0024,2025-12-19 18:00:00,27.28,Rainy
SENSOR_0041,2025-12-14 11:00:00,,Rainy
SENSOR_0035,2026-01-05 18:00:00,116.72,Cold
SENSOR_0014,2025-12-23 04:00:00,229.3,Hot
SENSOR_0001,2025-12-28 15:00:00,244.69,Cold
SENSOR_0045,2026-01-02 11:00:00,16.21,Cloudy
SENSOR_0001,2025-12-11 14:00:00,122.79,Cold
SENSOR_0049,2025-12-28 02:00:00,3.89,Hot
SENSOR_0005,2025-12-24 06:00:00,6.6,Cloudy
SENSOR_0012,2026-01-02 02:00:00,412.41,Cloudy
SENSOR_0012,2025-12-12 20:00:00,54.10626419143339,Cloudy
SENSOR_0049,2026-01-02 16:00:00,7.381642399704896,Rainy
SENSOR_0009,2025-12-24 16:00:00,480.08,Sunny
SENSOR_0045,2025-12-27 16:00:00,90.85,Rainy
SENSOR_0027,2025-12-25 06:00:00,26.32,Hot
SENSOR_0021,2026-01-08 15:00:00,8.01,Cold
SENSOR_0007,2025-12-21 19:00:00,136.73,Cold
SENSOR_0027,2025-12-10 23:00:00,17.71,Hot
SENSOR_0046,2026-01-02 16:00:00,29.86,Hot
SENSOR_0004,2026-01-03 13:00:00,27.23,Hot
SENSOR_0044,2025-12-26 13:00:00,117.24,Cloudy
SENSOR_0037,2025-12-22 21:00:00,54.12,Sunny
SENSOR_0048,2025-12-27 12:00:00,195.87,Cloudy
SENSOR_0019,2025-12-24 08:00:00,57.01,Rainy
SENSOR_0042,2026-01-08 13:00:00,18.63,Hot
SENSOR_0020,2025-12-17 23:00:00,0.24,Sunny
SENSOR_0015,2025-12-19 14:00:00,51.68,Sunny
SENSOR_0008,2025-12-13 08:00:00,243.54,Cloudy
SENSOR_0010,2025-12-31 06:00:00,380.82,Hot
SENSOR_0016,2026-01-01 10:00:00,31.35,Rainy
SENSOR_0032,2025-12-20 21:00:00,84.54,Cloudy
SENSOR_0031,2025-12-28 06:00:00,367.8,Rainy
SENSOR_0016,2025-12-12 16:00:00,12.43,Cloudy
SENSOR_0002,2025-12-11 04:00:00,65.65,Hot
SENSOR_0009,2025-12-22 16:00:00,383.82,Cold
SENSOR_0009,2026-01-07 22:00:00,15.82,Sunny
SENSOR_0025,2025-12-29 05:00:00,65.47,Cold
SENSOR_0021,2025-12-26 12:00:00,44.54,Cold
SENSOR_0046,2025-12-27 04:00:00,384.98,Cloudy
SENSOR_0007,2025-12-24 00:00:00,17.76,Hot
SENSOR_0006,2026-01-04 20:00:00,60.68,Rainy
SENSOR_0010,2025-12-17 07:00:00,43.04,Hot
SENSOR_0034,2025-12-24 22:00:00,15.45,Hot
SENSOR_0047,2025-12-28 04:00:00,39.92,Sunny
SENSOR_0049,2026-01-02 22:00:00,56.28,Cloudy
SENSOR_0047,2025-12-28 15:00:00,331.03,Hot
SENSOR_0029,2025-12-20 10:00:00,435.94,Hot
SENSOR_0013,2025-12-17 13:00:00,119.44,Sunny
SENSOR_0016,2026-01-03 03:00:00,427.49,Rainy
SENSOR_0010,2025-12-30 17:00:00,230.9,Hot
SENSOR_0028,2026-01-01 05:00:00,81.85,Sunny
SENSOR_0038,2026-01-02 09:00:00,24.51,Sunny
SENSOR_0050,2026-01-03 20:00:00,14.16,Cloudy
SENSOR_0012,2025-12-30 03:00:00,42.44,Hot
SENSOR_0008,2026-01-01 18:00:00,97.4,Cloudy
SENSOR_0003,2025-12-19 10:00:00,7.51,Hot
SENSOR_0049,2025-12-16 07:00:00,310.09,Rainy
SENSOR_0035,2025-12-15 09:00:00,419.1,Hot
SENSOR_0045,2025-12-23 04:00:00,25.23,Hot
SENSOR_0007,2025-12-17 19:00:00,,Cold
SENSOR_0004,2025-12-23 00:00:00,55.89,Cloudy
SENSOR_0026,2025-12-15 00:00:00,44.63,Hot
SENSOR_0020,2026-01-07 12:00:00,462.38,Hot
SENSOR_0005,2026-01-04 06:00:00,40.98,Cold
SENSOR_0046,2025-12-25 07:00:00,,Rainy
SENSOR_0013,2025-12-12 18:00:00,44.52,Sunny
SENSOR_0042,2026-01-05 07:00:00,31.96,Cloudy
SENSOR_0019,2026-01-02 20:00:00,25.33,Rainy
SENSOR_0011,2026-01-06 07:00:00,91.0,Cold
SENSOR_0019,2025-12-09 21:00:00,54.5,Hot
SENSOR_0047,2025-12-15 12:00:00,38.01531818725672,Rainy
SENSOR_0036,2026-01-03 12:00:00,388.1,Cloudy
SENSOR_0002,2025-12-20 05:00:00,39.05,Hot
SENSOR_0044,2025-12-14 15:00:00,118.06,Cold
SENSOR_0006,2026-01-04 20:00:00,102.35,Cold
SENSOR_0037,2026-01-05 01:00:00,44.83,Hot
SENSOR_0045,2026-01-02 14:00:00,146.53,Cloudy
SENSOR_0015,2025-12-17 02:00:00,70.68,Cloudy
SENSOR_0021,2025-12-17 22:00:00,24.33,Sunny
SENSOR_0012,2025-12-13 11:00:00,19.16,Rainy
SENSOR_0008,2025-12-16 02:00:00,100.23,Rainy
SENSOR_0035,2026-01-05 06:00:00,30.34,Cold
SENSOR_0002,2026-01-05 12:00:00,441.2,Rainy
SENSOR_0006,2025-12-10 12:00:00,,Hot
SENSOR_0033,2025-12-28 20:00:00,49.93,Rainy
SENSOR_0013,2026-01-05 19:00:00,16.2,Rainy
SENSOR_0024,2025-12-18 19:00:00,16.8,Hot
SENSOR_0024,2026-01-03 04:00:00,,Sunny
SENSOR_0008,2025-12-11 23:00:00,16.63,Cold
SENSOR_0050,2026-01-01 19:00:00,13.43,Cold
SENSOR_0022,2025-12-19 08:00:00,423.99,Rainy
SENSOR_0041,2025-12-26 22:00:00,51.01,Sunny
SENSOR_0020,2025-12-20 03:00:00,94.24902143050224,Cold
SENSOR_0041,2025-12-14 21:00:00,59.86,Cold
SENSOR_0028,2025-12-22 09:00:00,13.34,Cold
SENSOR_0020,2025-12-24 10:00:00,34.72,Cold
SENSOR_0036,2025-12-30 19:00:00,232.26,Sunny
SENSOR_0014,2025-12-16 19:00:00,53.55,Cloudy
SENSOR_0036,2025-12-15 16:00:00,32.32,Cold
SENSOR_0021,2026-01-08 07:00:00,110.3,Rainy
SENSOR_0018,2025-12-31 00:00:00,89.77,Rainy
SENSOR_0038,2025-12-10 18:00:00,44.02,Cloudy
SENSOR_0047,2026-01-05 18:00:00,109.28,Cold
SENSOR_0016,2025-12-09 20:00:00,91.61,Hot
SENSOR_0031,2025-12-27 13:00:00,16.76,Sunny
SENSOR_0036,2025-12-24 15:00:00,89.91,Rainy
SENSOR_0045,2026-01-07 10:00:00,38.94,Cold
SENSOR_0020,2026-01-05 17:00:00,78.15,Rainy
SENSOR_0033,2025-12-24 14:00:00,92.35,Rainy
SENSOR_0046,2025-12-13 08:00:00,13.07,Cloudy
SENSOR_0023,2025-12-19 23:00:00,27.21,Sunny
SENSOR_0007,2026-01-02 20:00:00,36.06,Sunny
SENSOR_0042,2025-12-27 02:00:00,79.06,Cold
SENSOR_0044,2025-12-23 10:00:00,15.49,Hot
SENSOR_0041,2025-12-12 14:00:00,59.83,Rainy
SENSOR_0030,2025-12-21 05:00:00,97.32,Cloudy
SENSOR_0046,2025-12-22 20:00:00,55.59,Sunny
SENSOR_0036,2025-12-22 02:00:00,21.46,Sunny
SENSOR_0045,2025-12-17 02:00:00,100.77,Cloudy
SENSOR_0043,2025-12-17 17:00:00,,Rainy
SENSOR_0040,2025-12-13 05:00:00,24.91,Hot
SENSOR_0031,2025-12-24 16:00:00,,Cold
SENSOR_0040,2025-12-13 18:00:00,68.59,Cold
SENSOR_0034,2025-12-16 07:00:00,72.59248061390021,Hot
SENSOR_0031,2025-12-16 07:00:00,109.98,Cloudy
SENSOR_0034,2025-12-29 20:00:00,38.18,Sunny
SENSOR_0019,2025-12-14 12:00:00,39.56,Rainy
SENSOR_0022,2025-12-31 08:00:00,0.78,Cloudy
SENSOR_0032,2026-01-04 12:00:00,78.34,Cold
SENSOR_0001,2025-12-22 21:00:00,305.14,Cloudy
SENSOR_0003,2025-12-16 13:00:00,114.86,Sunny
SENSOR_0003,2025-12-24 02:00:00,72.79,Cloudy
SENSOR_0010,2025-12-27 17:00:00,43.95,Cold
SENSOR_0019,2025-12-16 18:00:00,37.85,Hot
SENSOR_0046,2025-12-24 04:00:00,262.72,Hot
SENSOR_0005,2025-12-26 10:00:00,90.88,Cloudy
SENSOR_0022,2025-12-24 05:00:00,79.89,Hot
SENSOR_0015,2026-01-05 08:00:00,493.65,Hot
SENSOR_0026,2025-12-13 20:00:00,214.91,Cold
SENSOR_0024,2025-12-21 22:00:00,9.8,Cloudy
SENSOR_0016,2025-12-13 08:00:00,29.16,Rainy
SENSOR_0041,2025-12-10 12:00:00,23.25,Sunny
SENSOR_0011,2026-01-05 07:00:00,20.11,Sunny
SENSOR_0032,2025-12-15 23:00:00,62.6,Hot
SENSOR_0008,2025-12-18 11:00:00,17.16,Sunny
SENSOR_0044,2026-01-08 14:00:00,207.77141565271089,Rainy
SENSOR_0003,2025-12-19 20:00:00,496.41,Hot
SENSOR_0046,2026-01-07 00:00:00,1.83,Hot
SENSOR_0049,2025-12-28 08:00:00,42.3,Rainy
SENSOR_0035,2025-12-20 22:00:00,60.92,Rainy
SENSOR_0033,2025-12-29 05:00:00,45.69,Sunny
SENSOR_0046,2025-12-16 04:00:00,78.04,Rainy
SENSOR_0037,2025-12-16 23:00:00,151.65,Rainy
SENSOR_0006,2025-12-22 15:00:00,466.58,Cold
SENSOR_0046,2025-12-20 11:00:00,37.46,Hot
SENSOR_0012,2025-12-13 01:00:00,0.04,Cold
SENSOR_0047,2026-01-05 01:00:00,11.25,Cold
SENSOR_0004,2026-01-01 18:00:00,,Rainy
SENSOR_0033,2025-12-11 23:00:00,18.0,Cloudy
SENSOR_0034,2026-01-02 19:00:00,,Rainy
SENSOR_0036,2026-01-04 15:00:00,24.62,Rainy
SENSOR_0012,2025-12-29 20:00:00,,Hot
SENSOR_0033,2025-12-29 07:00:00,15.0,Cold
SENSOR_0004,2025-12-18 01:00:00,22.99,Cold
SENSOR_0030,2025-12-25 21:00:00,112.52,Sunny
SENSOR_0047,2025-12-18 15:00:00,31.42,Hot
SENSOR_0029,2025-12-14 23:00:00,9.31,Cold
SENSOR_0013,2025-12-30 12:00:00,40.62,Cloudy
SENSOR_0036,2025-12-30 07:00:00,54.04,Cold
SENSOR_0050,2026-01-01 23:00:00,103.24,Sunny
SENSOR_0033,2025-12-15 06:00:00,17.41,Cloudy
SENSOR_0005,2025-12-20 05:00:00,25.88,Cold
SENSOR_0017,2026-01-04 00:00:00,22.33,Hot
SENSOR_0040,2025-12-28 12:00:00,69.68,Hot
SENSOR_0032,2026-01-07 22:00:00,52.72,Cloudy
SENSOR_0001,2025-12-21 19:00:00,86.28,Hot
SENSOR_0040,2025-12-09 23:00:00,453.8,Hot
SENSOR_0022,2025-12-13 03:00:00,17.34,Sunny
SENSOR_0016,2026-01-07 13:00:00,43.72,Rainy
SENSOR_0017,2026-01-02 02:00:00,299.65,Cloudy
SENSOR_0020,2025-12-22 17:00:00,87.25,Hot
SENSOR_0011,2026-01-05 19:00:00,44.23,Cold
SENSOR_0041,2026-01-07 08:00:00,82.59,Cold
SENSOR_0013,2025-12-10 03:00:00,12.41,Rainy
SENSOR_0004,2026-01-01 22:00:00,72.46,Rainy
SENSOR_0030,2025-12-09 20:00:00,,Rainy
SENSOR_0005,2026-01-06 04:00:00,7.83,Cloudy
SENSOR_0013,2025-12-28 22:00:00,68.6,Cold
SENSOR_0047,2025-12-10 14:00:00,31.31,Sunny
SENSOR_0031,2025-12-23 12:00:00,60.7,Hot
SENSOR_0023,2025-12-17 12:00:00,2.51,Hot
SENSOR_0013,2025-12-12 05:00:00,39.58,Cold
SENSOR_0002,2026-01-08 13:00:00,34.49,Cold
SENSOR_0047,2026-01-05 21:00:00,21.755307446432386,Rainy
SENSOR_0004,2025-12-24 09:00:00,65.96459851739162,Cold
SENSOR_0010,2025-12-25 05:00:00,81.9,Hot
SENSOR_0032,2026-01-05 05:00:00,54.9,Cold
SENSOR_0017,2026-01-01 01:00:00,34.18,Cold
SENSOR_0032,2025-12-25 15:00:00,57.5,Hot
SENSOR_0034,2025-12-13 01:00:00,383.81,Sunny
SENSOR_0046,2025-12-12 20:00:00,93.74,Hot
SENSOR_0008,2025-12-28 05:00:00,,Hot
SENSOR_0007,2026-01-06 14:00:00,66.08,Rainy
SENSOR_0020,2025-12-24 19:00:00,93.59,Hot
SENSOR_0004,2025-12-21 09:00:00,,Cloudy
SENSOR_0030,2025-12-27 23:00:00,338.64,Cloudy
SENSOR_0009,2025-12-24 19:00:00,14.35,Sunny
SENSOR_0047,2026-01-03 08:00:00,112.43,Hot
SENSOR_0050,2025-12-15 05:00:00,381.41,Rainy
SENSOR_0040,2026-01-02 23:00:00,151.71,Cloudy
SENSOR_0026,2026-01-08 10:00:00,0.57,Sunny
SENSOR_0048,2025-12-20 15:00:00,14.36,Cloudy
SENSOR_0019,2025-12-26 15:00:00,9.89,Sunny
SENSOR_0013,2025-12-25 15:00:00,21.18,Sunny
SENSOR_0026,2026-01-03 01:00:00,,Cloudy
SENSOR_0005,2026-01-02 10:00:00,160.0,Cloudy
SENSOR_0024,2025-12-20 22:00:00,247.59,Cold
SENSOR_0017,2026-01-05 09:00:00,91.08,Cloudy
SENSOR_0002,2026-01-07 21:00:00,118.6,Cold
SENSOR_0047,2026-01-08 17:00:00,15.39,Cold
SENSOR_0017,2025-12-28 23:00:00,94.12,Cold
SENSOR_0011,2025-12-11 02:00:00,69.92,Cold
SENSOR_0050,2025-12-11 17:00:00,894.3754626517815,Sunny
SENSOR_0017,2025-12-16 21:00:00,145.01873850772847,Hot
SENSOR_0013,2026-01-05 17:00:00,6.38,Rainy
SENSOR_0026,2026-01-06 08:00:00,56.79,Sunny
SENSOR_0021,2025-12-30 06:00:00,33.0,Hot
SENSOR_0032,2025-12-31 01:00:00,39.44,Rainy
SENSOR_0038,2026-01-04 20:00:00,,Rainy
SENSOR_0018,2025-12-31 00:00:00,346.35,Rainy
SENSOR_0020,2026-01-04 01:00:00,1.09,Cloudy
SENSOR_0043,2025-12-18 19:00:00,31.78,Cloudy
SENSOR_0017,2025-12-21 18:00:00,11.22,Cold
SENSOR_0045,2025-12-12 10:00:00,25.58,Sunny
SENSOR_0024,2026-01-06 22:00:00,49.98,Sunny
SENSOR_0043,2026-01-05 03:00:00,217.15,Cloudy
SENSOR_0045,2026-01-07 02:00:00,36.68,Sunny
SENSOR_0012,2025-12-14 12:00:00,93.74,Hot
SENSOR_0002,2026-01-08 00:00:00,89.32,Rainy
SENSOR_0007,2025-12-30 02:00:00,3.32,Rainy
SENSOR_0046,2026-01-02 07:00:00,66.12,Cloudy
SENSOR_0049,2025-12-20 09:00:00,147.99,Cloudy
SENSOR_0038,2025-12-25 17:00:00,,Cloudy
SENSOR_0030,2026-01-04 00:00:00,88.05,Sunny
SENSOR_0001,2025-12-24 12:00:00,94.09,Cold
SENSOR_0009,2025-12-15 07:00:00,34.01,Hot
SENSOR_0026,2025-12-10 15:00:00,42.62,Sunny
SENSOR_0021,2026-01-02 21:00:00,0.28,Rainy
SENSOR_0031,2025-12-18 13:00:00,40.05,Cloudy
SENSOR_0033,2025-12-27 02:00:00,376.01,Sunny
SENSOR_0009,2025-12-22 15:00:00,7.8,Cloudy
SENSOR_0017,2025-12-25 02:00:00,173.77,Cold
SENSOR_0031,2025-12-10 10:00:00,19.34,Rainy
SENSOR_0029,2026-01-06 14:00:00,0.21,Rainy
SENSOR_0010,2025-12-25 09:00:00,17.11,Cold
SENSOR_0047,2025-12-25 02:00:00,78.41,Sunny
SENSOR_0002,2025-12-15 11:00:00,81.38,Rainy
SENSOR_0039,2025-12-22 01:00:00,18.02,Cold
SENSOR_0024,2025-12-25 15:00:00,466.55,Cloudy
SENSOR_0038,2025-12-21 12:00:00,44.06,Cold
SENSOR_0005,2025-12-26 18:00:00,42.74,Cloudy
SENSOR_0043,2025-12-31 12:00:00,106.81,Sunny
SENSOR_0016,2025-12-15 13:00:00,321.51,Cloudy
SENSOR_0032,2026-01-06 05:00:00,59.86,Rainy
SENSOR_0007,2025-12-20 20:00:00,33.06,Hot
SENSOR_0048,2025-12-17 20:00:00,22.81,Hot
SENSOR_0025,2026-01-03 04:00:00,20.15,Cloudy
SENSOR_0002,2025-12-31 03:00:00,0.13,Cold
SENSOR_0034,2025-12-19 14:00:00,13.69,Rainy
SENSOR_0035,2025-12-12 21:00:00,31.42,Cloudy
SENSOR_0049,2026-01-06 19:00:00,35.99,Sunny
SENSOR_0047,2025-12-25 22:00:00,38.02,Sunny
SENSOR_0027,2026-01-01 12:00:00,0.39,Sunny
SENSOR_0042,2025-12-29 14:00:00,14.57,Sunny
SENSOR_0045,2026-01-03 13:00:00,42.4,Hot
SENSOR_0020,2025-12-28 19:00:00,3.66,Cold
SENSOR_0023,2025-12-23 12:00:00,284.12,Sunny
SENSOR_0050,2026-01-04 11:00:00,234.1,Cold
SENSOR_0047,2026-01-02 19:00:00,37.76,Sunny
SENSOR_0010,2026-01-08 17:00:00,19.69,Hot
SENSOR_0008,2026-01-06 09:00:00,99.74,Hot
SENSOR_0018,2025-12-13 22:00:00,12.63,Cold
SENSOR_0013,2025-12-25 17:00:00,96.04,Cloudy
SENSOR_0008,2026-01-05 23:00:00,114.29441446232534,Hot
SENSOR_0048,2025-12-25 02:00:00,6.67,Rainy
SENSOR_0014,2026-01-07 19:00:00,264.86,Rainy
SENSOR_0038,2026-01-03 06:00:00,15.07,Hot
SENSOR_0045,2026-01-02 21:00:00,105.32,Cloudy
SENSOR_0034,2025-12-20 15:00:00,16.89,Hot
SENSOR_0028,2025-12-26 05:00:00,90.95,Cold
SENSOR_0003,2025-12-26 04:00:00,105.22,Hot
SENSOR_0013,2025-12-10 09:00:00,62.59,Rainy
SENSOR_0039,2025-12-11 08:00:00,82.49,Cold
SENSOR_0014,2025-12-21 21:00:00,30.09,Sunny
SENSOR_0024,2025-12-29 01:00:00,35.88,Cloudy
SENSOR_0026,2026-01-06 20:00:00,113.75,Cold
SENSOR_0047,2025-12-17 13:00:00,17.55,Rainy
SENSOR_0010,2025-12-10 04:00:00,425.92,Hot
SENSOR_0004,2025-12-30 23:00:00,46.75,Cold
SENSOR_0046,2026-01-08 13:00:00,42.65,Cloudy
SENSOR_0017,2025-12-28 06:00:00,,Cloudy
SENSOR_0022,2025-12-24 14:00:00,88.95,Cloudy
SENSOR_0048,2025-12-25 10:00:00,39.77,Cold
SENSOR_0010,2025-12-12 07:00:00,81.67,Cloudy
SENSOR_0036,2025-12-23 09:00:00,27.16,Cold
SENSOR_0010,2025-12-28 15:00:00,58.29,Hot
SENSOR_0038,2025-12-17 22:00:00,136.4,Hot
SENSOR_0046,2025-12-12 19:00:00,33.48,Sunny
SENSOR_0050,2025-12-26 06:00:00,12.15,Cloudy
SENSOR_0046,2026-01-06 09:00:00,32.61,Sunny
SENSOR_0038,2025-12-18 20:00:00,53.4,Cloudy
SENSOR_0035,2025-12-29 14:00:00,,Cold
SENSOR_0044,2025-12-12 08:00:00,,Hot
SENSOR_0007,2025-12-22 17:00:00,29.36,Hot
SENSOR_0015,2026-01-02 03:00:00,71.39,Hot
SENSOR_0017,2025-12-23 09:00:00,327.29,Hot
SENSOR_0018,2025-12-29 21:00:00,24.54,Cold
SENSOR_0018,2025-12-15 19:00:00,,Sunny
SENSOR_0015,2025-12-11 20:00:00,72.18,Cloudy
SENSOR_0047,2026-01-06 03:00:00,126.64,Cold
SENSOR_0049,2025-12-09 20:00:00,19.24,Cold
SENSOR_0005,2025-12-13 01:00:00,95.77618825416498,Cloudy
SENSOR_0035,2026-01-05 03:00:00,1.48,Sunny
SENSOR_0007,2026-01-01 13:00:00,373.1,Cloudy
SENSOR_0048,2026-01-06 14:00:00,11.58,Sunny
SENSOR_0027,2025-12-30 07:00:00,114.15,Cold
SENSOR_0012,2026-01-07 15:00:00,33.97,Rainy
SENSOR_0017,2025-12-11 03:00:00,10.37,Cloudy
SENSOR_0025,2025-12-14 13:00:00,1.12,Sunny
SENSOR_0040,2025-12-13 13:00:00,91.96,Rainy
SENSOR_0049,2025-12-23 17:00:00,,Sunny
SENSOR_0047,2025-12-24 17:00:00,86.19,Rainy
SENSOR_0030,2026-01-02 16:00:00,45.07,Cloudy
SENSOR_0029,2025-12-26 20:00:00,69.32,Cold
SENSOR_0013,2025-12-29 23:00:00,26.16,Sunny
SENSOR_0049,2025-12-17 04:00:00,58.43,Hot
SENSOR_0013,2026-01-08 18:00:00,34.76,Sunny
SENSOR_0016,2026-01-05 22:00:00,89.27,Cold
SENSOR_0019,2025-12-31 00:00:00,60.09,Cloudy
SENSOR_0002,2025-12-23 17:00:00,332.21,Hot
SENSOR_0029,2025-12-21 13:00:00,41.25,Hot
SENSOR_0040,2025-12-30 11:00:00,243.78,Cloudy
SENSOR_0035,2026-01-08 06:00:00,36.19,Sunny
SENSOR_0002,2026-01-06 11:00:00,358.9,Hot
SENSOR_0033,2025-12-16 04:00:00,41.46,Cloudy
SENSOR_0012,2025-12-10 17:00:00,53.09,Hot
SENSOR_0048,2025-12-23 03:00:00,456.62,Rainy
SENSOR_0019,2026-01-08 00:00:00,10.15,Hot
SENSOR_0004,2025-12-22 03:00:00,11.52,Cloudy
SENSOR_0035,2025-12-30 09:00:00,84.2789950832522,Sunny
SENSOR_0030,2025-12-15 12:00:00,96.38,Hot
SENSOR_0009,2026-01-02 14:00:00,26.18,Cloudy
SENSOR_0018,2025-12-29 13:00:00,26.88,Hot
SENSOR_0037,2025-12-29 10:00:00,89.71,Cold
SENSOR_0007,2025-12-22 18:00:00,104.93,Cloudy
SENSOR_0016,2025-12-29 02:00:00,428.11,Cold
SENSOR_0027,2025-12-24 16:00:00,69.58,Cold
SENSOR_0047,2025-12-25 10:00:00,305.25,Cloudy
SENSOR_0032,2026-01-07 03:00:00,420.56,Rainy
SENSOR_0029,2026-01-05 07:00:00,353.72,Cold
SENSOR_0019,2025-12-28 05:00:00,188.85,Cold
SENSOR_0019,2025-12-14 05:00:00,89.32,Cloudy
SENSOR_0032,2026-01-06 20:00:00,90.92,Sunny
SENSOR_0021,2026-01-01 21:00:00,79.44,Rainy
SENSOR_0028,2025-12-20 11:00:00,79.41,Rainy
SENSOR_0001,2026-01-08 18:00:00,63.67,Hot
SENSOR_0028,2025-12-31 10:00:00,,Sunny
SENSOR_0033,2025-12-18 17:00:00,87.67,Cloudy
SENSOR_0042,2025-12-30 14:00:00,91.14,Cold
SENSOR_0042,2025-12-16 00:00:00,34.4,Rainy
SENSOR_0015,2025-12-14 22:00:00,37.75,Rainy
SENSOR_0049,2025-12-17 06:00:00,83.53,Cold
SENSOR_0009,2025-12-21 12:00:00,1.96,Hot
SENSOR_0027,2026-01-07 22:00:00,26.9,Cloudy
SENSOR_0019,2025-12-11 03:00:00,217.08030171590116,Hot
SENSOR_0046,2025-12-11 10:00:00,285.9,Cold
SENSOR_0039,2025-12-16 07:00:00,16.999223440583652,Cold
SENSOR_0005,2025-12-14 22:00:00,274.03,Rainy
SENSOR_0006,2025-12-16 19:00:00,102.64,Cold
SENSOR_0032,2025-12-28 22:00:00,53.35,Cloudy
SENSOR_0040,2026-01-06 18:00:00,105.22,Cold
SENSOR_0021,2025-12-18 21:00:00,28.89,Hot
SENSOR_0016,2026-01-06 08:00:00,54.76,Sunny
SENSOR_0025,2025-12-17 10:00:00,16.65,Cloudy
SENSOR_0036,2026-01-08 11:00:00,41.91,Hot
SENSOR_0035,2026-01-01 06:00:00,44.73,Cloudy
SENSOR_0013,2025-12-15 23:00:00,97.18,Cold
SENSOR_0032,2026-01-05 03:00:00,416.61,Sunny
SENSOR_0017,2025-12-30 07:00:00,71.54,Sunny
SENSOR_0024,2025-12-17 05:00:00,61.74,Cloudy
SENSOR_0026,2025-12-18 09:00:00,0.39,Hot
SENSOR_0022,2025-12-19 18:00:00,,Rainy
SENSOR_0036,2025-12-10 04:00:00,54.52,Cloudy
SENSOR_0050,2025-12-16 23:00:00,323.53,Rainy
SENSOR_0033,2025-12-20 07:00:00,36.68,Cold
SENSOR_0037,2025-12-15 19:00:00,44.39,Sunny
SENSOR_0028,2025-12-24 13:00:00,470.37,Hot
SENSOR_0004,2025-12-19 15:00:00,39.22,Rainy
SENSOR_0023,2025-12-26 01:00:00,0.24,Rainy
SENSOR_0046,2025-12-12 20:00:00,67.18,Rainy
SENSOR_0006,2025-12-27 20:00:00,56.63,Rainy
SENSOR_0035,2025-12-31 21:00:00,60.85,Hot
SENSOR_0029,2025-12-22 10:00:00,83.84,Rainy
SENSOR_0010,2025-12-18 09:00:00,14.51,Hot
SENSOR_0016,2025-12-14 00:00:00,,Rainy
SENSOR_0019,2025-12-20 09:00:00,220.79,Cold
SENSOR_0013,2025-12-17 17:00:00,24.26,Hot
SENSOR_0047,2026-01-04 21:00:00,99.02,Rainy
SENSOR_0039,2026-01-07 08:00:00,14.31,Hot
SENSOR_0034,2025-12-24 00:00:00,30.68,Rainy
SENSOR_0007,2025-12-31 19:00:00,4.96,Rainy
SENSOR_0050,2025-12-21 11:00:00,82.88,Sunny
SENSOR_0027,2026-01-06 11:00:00,15.68,Cold
SENSOR_0001,2025-12-26 10:00:00,32.12,Cold
SENSOR_0029,2025-12-16 09:00:00,27.46,Cold
SENSOR_0027,2025-12-31 13:00:00,313.51,Hot
SENSOR_0049,2025-12-13 05:00:00,,Hot
SENSOR_0037,2025-12-16 01:00:00,103.39,Cloudy
SENSOR_0001,2025-12-16 06:00:00,117.58,Rainy
SENSOR_0027,2025-12-24 03:00:00,321.32,Rainy
SENSOR_0013,2025-12-17 18:00:00,62.75,Sunny
SENSOR_0023,2025-12-13 19:00:00,70.65,Hot
SENSOR_0001,2026-01-03 22:00:00,,Sunny
SENSOR_0044,2025-12-11 10:00:00,31.83,Hot
SENSOR_0003,2026-01-02 08:00:00,74.57,Sunny
SENSOR_0038,2026-01-01 22:00:00,104.77,Cloudy
SENSOR_0040,2026-01-05 10:00:00,32.11,Rainy
SENSOR_0028,2025-12-24 02:00:00,36.57,Rainy
SENSOR_0041,2025-12-18 00:00:00,19.05,Rainy
SENSOR_0009,2026-01-08 09:00:00,91.48,Cloudy
SENSOR_0025,2026-01-03 13:00:00,55.77,Sunny
SENSOR_0020,2025-12-20 11:00:00,84.58,Sunny
SENSOR_0040,2025-12-18 03:00:00,97.2,Rainy
SENSOR_0006,2025-12-13 13:00:00,80.37,Cloudy
SENSOR_0046,2025-12-17 01:00:00,70.05,Hot
SENSOR_0036,2026-01-08 18:00:00,17.04,Rainy
SENSOR_0034,2025-12-29 09:00:00,41.74,Cloudy
SENSOR_0005,2025-12-12 18:00:00,69.33,Sunny
SENSOR_0033,2025-12-31 08:00:00,92.99,Rainy
SENSOR_0035,2025-12-11 01:00:00,46.32,Cold
SENSOR_0013,2025-12-25 03:00:00,7.16,Cold
SENSOR_0038,2025-12-13 11:00:00,26.68,Sunny
SENSOR_0047,2026-01-07 08:00:00,0.02,Cloudy
SENSOR_0001,2025-12-26 02:00:00,,Cold
SENSOR_0025,2026-01-08 09:00:00,68.99,Sunny
SENSOR_0027,2025-12-25 23:00:00,74.06,Hot
SENSOR_0012,2025-12-14 17:00:00,9.24,Hot
SENSOR_0010,2025-12-16 12:00:00,41.33,Cold
SENSOR_0004,2026-01-07 18:00:00,,Cold
SENSOR_0019,2026-01-04 17:00:00,71.05,Cloudy
SENSOR_0041,2025-12-14 17:00:00,437.7,Hot
SENSOR_0037,2026-01-03 09:00:00,37.78,Sunny
SENSOR_0010,2026-01-08 07:00:00,,Cold
SENSOR_0002,2025-12-13 17:00:00,327.84,Rainy
SENSOR_0047,2025-12-27 15:00:00,16.74,Rainy
SENSOR_0039,2026-01-04 16:00:00,219.33,Rainy
SENSOR_0012,2025-12-21 05:00:00,210.4382077082992,Rainy
SENSOR_0045,2025-12-17 17:00:00,213.87,Cloudy
SENSOR_0009,2025-12-21 17:00:00,58.39,Rainy
SENSOR_0025,2025-12-15 08:00:00,191.41,Cloudy
SENSOR_0050,2025-12-31 00:00:00,432.7,Sunny
SENSOR_0018,2025-12-28 21:00:00,375.88,Rainy
SENSOR_0001,2025-12-31 11:00:00,372.01,Cloudy
SENSOR_0038,2025-12-17 17:00:00,447.18,Sunny
SENSOR_0037,2025-12-25 04:00:00,75.27,Rainy
SENSOR_0036,2025-12-11 11:00:00,74.27,Hot
SENSOR_0038,2025-12-28 17:00:00,22.78,Hot
SENSOR_0005,2026-01-08 02:00:00,,Rainy
SENSOR_0037,2026-01-07 18:00:00,44.59,Hot
SENSOR_0007,2025-12-19 00:00:00,41.14,Rainy
SENSOR_0012,2025-12-25 08:00:00,76.82,Rainy
SENSOR_0021,2025-12-22 03:00:00,29.06,Rainy
SENSOR_0020,2025-12-26 19:00:00,18.5,Sunny
SENSOR_0033,2025-12-19 07:00:00,68.51,Cold
SENSOR_0028,2025-12-17 08:00:00,251.44,Cold
SENSOR_0048,2026-01-06 07:00:00,288.07,Sunny
SENSOR_0014,2025-12-17 21:00:00,25.13,Hot
SENSOR_0008,2025-12-19 17:00:00,86.38,Cold
SENSOR_0003,2025-12-26 20:00:00,,Hot
SENSOR_0039,2025-12-21 02:00:00,25.25,Sunny
SENSOR_0008,2025-12-27 14:00:00,15.17,Sunny
SENSOR_0044,2026-01-08 16:00:00,47.79,Cloudy
SENSOR_0040,2026-01-07 23:00:00,28.62,Sunny
SENSOR_0016,2025-12-15 15:00:00,,Cold
SENSOR_0003,2026-01-03 18:00:00,185.81714996338442,Cold
SENSOR_0010,2025-12-21 07:00:00,21.63,Sunny
SENSOR_0049,2025-12-22 03:00:00,45.86,Sunny
SENSOR_0018,2026-01-04 18:00:00,85.84,Hot
SENSOR_0027,2025-12-20 17:00:00,44.95,Cloudy
SENSOR_0019,2025-12-27 07:00:00,293.36,Cold
SENSOR_0014,2026-01-04 10:00:00,45.69,Sunny
SENSOR_0029,2026-01-07 13:00:00,213.00387190456988,Cloudy
SENSOR_0006,2025-12-13 01:00:00,45.46,Hot
SENSOR_0022,2025-12-11 02:00:00,26.17,Cloudy
SENSOR_0032,2025-12-30 01:00:00,21.2,Cloudy
SENSOR_0047,2026-01-02 20:00:00,25.54,Sunny
SENSOR_0013,2025-12-20 02:00:00,12.2,Rainy
SENSOR_0034,2025-12-27 00:00:00,66.99,Rainy
SENSOR_0004,2025-12-19 03:00:00,24.88,Rainy
SENSOR_0038,2025-12-24 21:00:00,14.26,Hot
SENSOR_0040,2025-12-13 13:00:00,11.03,Hot
SENSOR_0036,2025-12-28 18:00:00,495.3,Hot
SENSOR_0038,2025-12-13 07:00:00,23.77,Cloudy
SENSOR_0038,2025-12-11 23:00:00,86.14,Cloudy
SENSOR_0040,2025-12-22 17:00:00,13.08,Hot
SENSOR_0047,2025-12-23 13:00:00,87.39,Cold
SENSOR_0048,2025-12-29 05:00:00,126.41,Hot
SENSOR_0010,2025-12-16 21:00:00,42.97,Sunny
SENSOR_0003,2025-12-23 00:00:00,69.13,Hot
SENSOR_0042,2025-12-17 01:00:00,5.86,Sunny
SENSOR_0011,2025-12-11 13:00:00,386.98,Cold
SENSOR_0030,2025-12-16 13:00:00,26.28,Hot
SENSOR_0039,2025-12-20 21:00:00,37.6,Cold
SENSOR_0048,2025-12-24 13:00:00,,Cold
SENSOR_0021,2025-12-24 14:00:00,39.15,Sunny
SENSOR_0006,2025-12-30 19:00:00,36.11,Sunny
SENSOR_0035,2025-12-16 09:00:00,325.96,Cloudy
SENSOR_0010,2025-12-17 01:00:00,11.9,Sunny
SENSOR_0018,2025-12-18 14:00:00,492.27,Rainy
SENSOR_0014,2025-12-20 14:00:00,34.03,Cloudy
SENSOR_0027,2025-12-25 05:00:00,393.23,Cold
SENSOR_0043,2025-12-21 07:00:00,152.7,Rainy
SENSOR_0006,2026-01-01 14:00:00,50.48,Cloudy
SENSOR_0010,2025-12-14 23:00:00,356.75,Hot
SENSOR_0030,2025-12-31 15:00:00,32.88,Rainy
SENSOR_0022,2025-12-20 07:00:00,1.24,Rainy
SENSOR_0020,2025-12-20 07:00:00,2.35,Cold
SENSOR_0028,2025-12-16 15:00:00,351.23,Cloudy
SENSOR_0045,2025-12-11 03:00:00,33.98,Sunny
SENSOR_0021,2025-12-29 02:00:00,,Cloudy
SENSOR_0033,2025-12-21 23:00:00,47.04,Rainy
SENSOR_0046,2026-01-01 14:00:00,,Cold
SENSOR_0009,2025-12-22 16:00:00,420.22,Cold
SENSOR_0007,2025-12-22 00:00:00,,Cloudy
SENSOR_0046,2025-12-11 08:00:00,118.58,Cold
SENSOR_0039,2025-12-21 14:00:00,51.15,Sunny
SENSOR_0033,2025-12-22 07:00:00,68.14,Sunny
SENSOR_0025,2025-12-26 21:00:00,63.23,Cold
SENSOR_0047,2025-12-28 04:00:00,199.99,Cold
SENSOR_0017,2025-12-13 04:00:00,68.37,Rainy
SENSOR_0024,2025-12-22 19:00:00,16.46,Hot
SENSOR_0017,2025-12-29 02:00:00,112.62,Hot
SENSOR_0034,2025-12-21 22:00:00,67.98,Cloudy
SENSOR_0030,2025-12-11 01:00:00,456.61,Cold
SENSOR_0034,2025-12-31 22:00:00,81.05,Rainy
SENSOR_0032,2025-12-11 15:00:00,40.11,Cold
SENSOR_0050,2025-12-27 01:00:00,30.7,Sunny
SENSOR_0049,2025-12-30 20:00:00,7.92,Rainy
SENSOR_0010,2025-12-30 10:00:00,57.29,Rainy
SENSOR_0047,2026-01-08 16:00:00,214.88,Cloudy
SENSOR_0044,2025-12-31 02:00:00,12.22,Cold
SENSOR_0023,2025-12-28 07:00:00,653.7341258792792,Cold
SENSOR_0026,2025-12-25 04:00:00,92.54,Hot
SENSOR_0006,2025-12-22 06:00:00,38.5,Cloudy
SENSOR_0040,2025-12-14 12:00:00,51.59,Rainy
SENSOR_0007,2026-01-01 07:00:00,4.89,Rainy
SENSOR_0026,2025-12-27 03:00:00,72.73,Hot
SENSOR_0029,2025-12-19 08:00:00,35.45,Cloudy
SENSOR_0046,2025-12-21 11:00:00,83.80025125222288,Hot
SENSOR_0034,2025-12-20 14:00:00,55.14,Cloudy
SENSOR_0030,2026-01-07 13:00:00,75.6,Cloudy
SENSOR_0042,2025-12-20 17:00:00,16.351115613739946,Hot
SENSOR_0030,2025-12-26 07:00:00,57.91,Rainy
SENSOR_0017,2025-12-29 06:00:00,90.89,Cold
SENSOR_0045,2025-12-23 22:00:00,282.23,Sunny
SENSOR_0033,2026-01-06 16:00:00,32.52,Hot
SENSOR_0025,2025-12-13 07:00:00,484.27,Cold
SENSOR_0037,2025-12-21 11:00:00,106.24,Hot
SENSOR_0018,2025-12-16 03:00:00,19.18,Cold
SENSOR_0004,2026-01-04 02:00:00,19.44,Cold
SENSOR_0049,2025-12-15 00:00:00,68.72,Rainy
SENSOR_0019,2025-12-17 06:00:00,,Cold
SENSOR_0020,2026-01-03 00:00:00,311.56,Hot
SENSOR_0002,2025-12-16 16:00:00,17.36,Sunny
SENSOR_0008,2025-12-18 21:00:00,54.12,Sunny
SENSOR_0042,2026-01-01 19:00:00,60.73,Hot
SENSOR_0005,2025-12-23 08:00:00,28.04,Cold
SENSOR_0041,2025-12-19 16:00:00,93.57,Cold
SENSOR_0006,2025-12-18 16:00:00,88.6,Cold
SENSOR_0035,2025-12-17 21:00:00,129.3396053962975,Hot
SENSOR_0007,2025-12-29 07:00:00,90.24,Hot
SENSOR_0047,2025-12-19 05:00:00,118.44,Hot
SENSOR_0002,2025-12-13 08:00:00,18.14,Hot
SENSOR_0025,2026-01-05 04:00:00,70.46,Rainy
SENSOR_0038,2025-12-27 09:00:00,23.63,Cloudy
SENSOR_0016,2025-12-19 12:00:00,,Hot
SENSOR_0044,2026-01-03 04:00:00,10.33,Cold
SENSOR_0015,2026-01-08 18:00:00,39.65,Cold
SENSOR_0004,2025-12-10 23:00:00,136.04307076375935,Hot
SENSOR_0049,2025-12-12 11:00:00,208.4,Sunny
SENSOR_0016,2026-01-07 02:00:00,23.36,Cloudy
SENSOR_0029,2025-12-22 09:00:00,376.62,Rainy
SENSOR_0005,2026-01-05 08:00:00,16.32,Rainy
SENSOR_0038,2026-01-06 07:00:00,165.7291796466756,Cloudy
SENSOR_0037,2025-12-10 05:00:00,4.74,Rainy
SENSOR_0022,2025-12-26 11:00:00,308.3,Cold
SENSOR_0004,2025-12-31 16:00:00,363.09,Cloudy
SENSOR_0034,2025-12-28 23:00:00,89.16,Rainy
SENSOR_0006,2026-01-07 19:00:00,33.74,Cold
SENSOR_0044,2025-12-16 23:00:00,83.42,Hot
SENSOR_0009,2025-12-26 14:00:00,14.13,Cloudy
SENSOR_0049,2025-12-24 12:00:00,19.5,Cloudy
SENSOR_0011,2025-12-18 13:00:00,22.64,Hot
SENSOR_0040,2025-12-15 12:00:00,97.76,Sunny
SENSOR_0028,2025-12-23 18:00:00,215.58,Rainy
SENSOR_0007,2025-12-21 20:00:00,70.24,Cloudy
SENSOR_0048,2025-12-13 06:00:00,13.06,Cloudy
SENSOR_0025,2025-12-30 00:00:00,38.2,Cloudy
SENSOR_0040,2025-12-16 12:00:00,22.88,Sunny
SENSOR_0033,2025-12-19 17:00:00,29.13,Rainy
SENSOR_0017,2026-01-02 21:00:00,5.61,Sunny
SENSOR_0006,2026-01-06 03:00:00,35.19,Sunny
SENSOR_0028,2025-12-14 07:00:00,41.23,Hot
SENSOR_0009,2025-12-20 21:00:00,14.34,Sunny
SENSOR_0009,2025-12-20 13:00:00,65.95,Hot
SENSOR_0002,2025-12-10 06:00:00,42.24,Rainy
SENSOR_0044,2025-12-16 20:00:00,310.5,Cold
SENSOR_0034,2025-12-30 06:00:00,,Hot
SENSOR_0040,2025-12-22 02:00:00,86.17,Cold
SENSOR_0047,2025-12-14 00:00:00,63.38,Rainy
SENSOR_0031,2026-01-05 15:00:00,40.29,Cold
SENSOR_0035,2025-12-18 03:00:00,29.69,Cold
SENSOR_0001,2025-12-25 21:00:00,82.9,Cold
SENSOR_0041,2025-12-26 02:00:00,271.33,Hot
SENSOR_0032,2025-12-13 02:00:00,9.61,Sunny
SENSOR_0027,2025-12-18 23:00:00,25.32,Hot
SENSOR_0027,2025-12-12 17:00:00,440.17,Cold
SENSOR_0041,2026-01-03 19:00:00,53.81,Hot
SENSOR_0037,2025-12-15 01:00:00,11.93,Hot
SENSOR_0011,2026-01-03 11:00:00,5.03,Rainy
SENSOR_0044,2025-12-23 23:00:00,35.4,Cloudy
SENSOR_0020,2025-12-13 01:00:00,,Cloudy
SENSOR_0047,2026-01-03 05:00:00,50.0,Cold
SENSOR_0014,2025-12-18 22:00:00,70.16,Sunny
SENSOR_0004,2025-12-12 19:00:00,,Sunny
SENSOR_0041,2025-12-31 06:00:00,109.43,Hot
SENSOR_0013,2026-01-03 11:00:00,41.61,Cloudy
SENSOR_0049,2025-12-10 06:00:00,4.17,Cold
SENSOR_0002,2026-01-03 02:00:00,44.7,Rainy
SENSOR_0045,2025-12-20 11:00:00,24.65,Sunny
SENSOR_0026,2025-12-16 22:00:00,20.1,Cold
SENSOR_0013,2025-12-14 18:00:00,316.04,Sunny
SENSOR_0018,2025-12-25 10:00:00,259.66,Rainy
SENSOR_0030,2025-12-28 06:00:00,32.57,Cold
SENSOR_0025,2025-12-17 21:00:00,68.67,Cold
SENSOR_0009,2025-12-15 23:00:00,24.27,Sunny
SENSOR_0020,2026-01-02 14:00:00,84.51,Cold
SENSOR_0020,2025-12-17 16:00:00,50.62,Cloudy
SENSOR_0019,2025-12-24 13:00:00,21.16,Cloudy
SENSOR_0022,2026-01-07 18:00:00,94.14,Hot
SENSOR_0032,2025-12-13 17:00:00,36.39,Cloudy
SENSOR_0010,2026-01-03 03:00:00,202.1,Sunny
SENSOR_0021,2025-12-11 12:00:00,66.17,Hot
SENSOR_0007,2026-01-07 00:00:00,51.81,Cold
SENSOR_0031,2025-12-19 21:00:00,21.56,Rainy
SENSOR_0027,2026-01-01 18:00:00,53.96,Hot
SENSOR_0018,2025-12-10 08:00:00,89.47,Cold
SENSOR_0035,2025-12-12 04:00:00,91.9,Hot
SENSOR_0035,2025-12-13 03:00:00,5.19,Rainy
SENSOR_0007,2025-12-18 20:00:00,39.43,Cloudy
SENSOR_0029,2025-12-11 23:00:00,,Cloudy
SENSOR_0025,2026-01-07 12:00:00,95.66,Hot
SENSOR_0010,2025-12-19 17:00:00,446.04,Rainy
SENSOR_0049,2025-12-20 12:00:00,91.1,Sunny
SENSOR_0019,2026-01-02 22:00:00,120.53,Rainy
SENSOR_0047,2026-01-01 13:00:00,39.25,Cloudy
SENSOR_0035,2025-12-10 03:00:00,261.59,Cold
SENSOR_0003,2025-12-27 21:00:00,426.51,Hot
SENSOR_0022,2026-01-03 18:00:00,119.37,Hot
SENSOR_0036,2025-12-11 15:00:00,16.8,Sunny
SENSOR_0004,2025-12-30 14:00:00,86.53,Cold
SENSOR_0020,2025-12-17 17:00:00,89.37,Cold
SENSOR_0024,2025-12-26 18:00:00,46.23,Sunny
SENSOR_0038,2025-12-20 22:00:00,40.45,Cloudy
SENSOR_0034,2025-12-31 15:00:00,37.42,Cloudy
SENSOR_0017,2025-12-24 17:00:00,61.36,Sunny
SENSOR_0038,2025-12-23 01:00:00,1433.7212092431537,Cold
SENSOR_0003,2025-12-26 03:00:00,114.12,Cloudy
SENSOR_0003,2026-01-01 07:00:00,,Rainy
SENSOR_0037,2025-12-23 04:00:00,200.57,Sunny
SENSOR_0007,2025-12-20 20:00:00,32.68,Cold
SENSOR_0009,2026-01-02 14:00:00,244.17,Rainy
SENSOR_0020,2025-12-31 02:00:00,53.51,Sunny
SENSOR_0048,2025-12-15 04:00:00,100.37,Cloudy
SENSOR_0012,2026-01-04 13:00:00,10.79,Cold
SENSOR_0008,2025-12-18 14:00:00,76.32,Rainy
SENSOR_0031,2025-12-12 14:00:00,30.05,Sunny
SENSOR_0046,2026-01-08 05:00:00,215.57,Rainy
SENSOR_0024,2026-01-08 06:00:00,51.79,Sunny
SENSOR_0036,2026-01-06 20:00:00,60.625076309746156,Cloudy
SENSOR_0034,2025-12-11 03:00:00,24.07,Hot
SENSOR_0047,2025-12-21 20:00:00,34.17,Cloudy
SENSOR_0022,2026-01-04 13:00:00,43.32,Sunny
SENSOR_0019,2025-12-29 10:00:00,80.53,Cold
SENSOR_0008,2025-12-22 05:00:00,214.48,Sunny
SENSOR_0044,2025-12-22 14:00:00,56.33,Rainy
SENSOR_0006,2025-12-26 10:00:00,22.13,Cold
SENSOR_0010,2025-12-16 20:00:00,214.81,Hot
SENSOR_0012,2025-12-24 09:00:00,37.38,Hot
SENSOR_0004,2026-01-04 01:00:00,39.63,Cold
SENSOR_0048,2025-12-12 22:00:00,26.48,Sunny
SENSOR_0012,2025-12-12 15:00:00,65.76,Hot
SENSOR_0034,2025-12-18 21:00:00,113.91,Sunny
SENSOR_0045,2026-01-04 14:00:00,3.93,Hot
SENSOR_0041,2025-12-23 01:00:00,11.61,Rainy
SENSOR_0032,2026-01-08 14:00:00,63.98,Cloudy
SENSOR_0036,2026-01-04 07:00:00,67.31,Sunny
SENSOR_0008,2025-12-24 07:00:00,454.57,Hot
SENSOR_0020,2026-01-05 15:00:00,72.98,Cloudy
SENSOR_0040,2026-01-07 04:00:00,75.02,Cold
SENSOR_0026,2025-12-13 20:00:00,116.61,Hot
SENSOR_0013,2025-12-25 22:00:00,81.71,Cold
SENSOR_0025,2026-01-01 21:00:00,27.51,Cloudy
SENSOR_0022,2025-12-31 05:00:00,32.16,Hot
SENSOR_0019,2025-12-19 04:00:00,53.74,Sunny
SENSOR_0009,2025-12-23 07:00:00,454.09,Rainy
SENSOR_0039,2026-01-03 17:00:00,44.49,Cloudy
SENSOR_0004,2025-12-20 17:00:00,34.36,Cloudy
SENSOR_0043,2025-12-26 17:00:00,49.3,Sunny
SENSOR_0025,2025-12-15 08:00:00,58.26,Hot
SENSOR_0004,2025-12-16 06:00:00,39.87,Hot
SENSOR_0027,2025-12-27 22:00:00,41.08,Cold
SENSOR_0045,2025-12-25 00:00:00,35.81,Hot
SENSOR_0032,2025-12-17 23:00:00,458.52,Hot
SENSOR_0014,2025-12-23 21:00:00,105.66,Cold
SENSOR_0025,2025-12-28 00:00:00,45.67,Sunny
SENSOR_0032,2025-12-28 05:00:00,24.06,Cloudy
SENSOR_0044,2025-12-19 10:00:00,91.39,Sunny
SENSOR_0011,2025-12-15 10:00:00,449.05,Sunny
SENSOR_0013,2025-12-10 14:00:00,87.98,Hot
SENSOR_0023,2026-01-07 15:00:00,,Cold
SENSOR_0010,2025-12-14 00:00:00,,Cloudy
SENSOR_0009,2026-01-05 01:00:00,67.67,Cloudy
SENSOR_0019,2025-12-29 11:00:00,79.55,Rainy
SENSOR_0049,2025-12-16 16:00:00,78.52,Sunny
SENSOR_0035,2025-12-23 00:00:00,34.56,Sunny
SENSOR_0003,2025-12-15 15:00:00,348.48871351907195,Cold
SENSOR_0025,2026-01-05 07:00:00,,Cloudy
SENSOR_0040,2026-01-03 20:00:00,85.7,Cold
SENSOR_0030,2025-12-15 07:00:00,11.8,Sunny
SENSOR_0009,2025-12-11 23:00:00,36.5,Cold
SENSOR_0036,2025-12-12 19:00:00,44.7,Cold
SENSOR_0008,2025-12-17 18:00:00,69.8,Hot
SENSOR_0045,2025-12-24 00:00:00,108.25,Hot
SENSOR_0036,2025-12-31 05:00:00,299.23,Rainy
SENSOR_0015,2025-12-23 03:00:00,195.47,Hot
SENSOR_0023,2026-01-04 00:00:00,23.1,Cloudy
SENSOR_0020,2025-12-10 20:00:00,385.46,Hot
SENSOR_0012,2026-01-06 00:00:00,44.31,Rainy
SENSOR_0022,2025-12-09 20:00:00,64.26,Sunny
SENSOR_0043,2026-01-04 23:00:00,30.14,Rainy
SENSOR_0039,2025-12-14 20:00:00,37.49,Sunny
SENSOR_0015,2025-12-19 12:00:00,59.87,Sunny
SENSOR_0043,2025-12-20 15:00:00,284.02,Sunny
SENSOR_0018,2025-12-14 15:00:00,51.42,Sunny
SENSOR_0042,2025-12-23 09:00:00,50.72,Rainy
SENSOR_0020,2025-12-25 23:00:00,19.93,Hot
SENSOR_0013,2025-12-12 20:00:00,89.52,Sunny
SENSOR_0026,2026-01-06 02:00:00,48.04,Sunny
SENSOR_0022,2025-12-21 00:00:00,23.46,Hot
SENSOR_0033,2026-01-06 16:00:00,90.16,Hot
SENSOR_0027,2026-01-07 06:00:00,6.61,Sunny
SENSOR_0019,2025-12-23 09:00:00,36.79,Rainy
SENSOR_0045,2025-12-27 10:00:00,24.47,Sunny
SENSOR_0022,2025-12-24 16:00:00,316.41,Sunny
SENSOR_0031,2025-12-13 14:00:00,97.31,Rainy
SENSOR_0049,2026-01-02 23:00:00,,Sunny
SENSOR_0017,2025-12-13 22:00:00,148.49,Cold
SENSOR_0045,2026-01-02 02:00:00,115.9,Hot
SENSOR_0038,2025-12-17 16:00:00,31.0,Rainy
SENSOR_0016,2025-12-19 09:00:00,790.5409019384256,Cloudy
SENSOR_0026,2025-12-30 03:00:00,433.78,Sunny
SENSOR_0009,2026-01-01 16:00:00,11.27,Rainy
SENSOR_0050,2025-12-22 15:00:00,69.02,Sunny
SENSOR_0033,2025-12-31 09:00:00,22.09,Sunny
SENSOR_0033,2025-12-20 19:00:00,15.11,Cold
SENSOR_0029,2025-12-15 02:00:00,23.97,Cold
SENSOR_0011,2025-12-30 05:00:00,71.2,Cloudy
SENSOR_0033,2025-12-25 19:00:00,117.91,Rainy
SENSOR_0015,2026-01-07 15:00:00,155.87,Cold
SENSOR_0021,2026-01-07 12:00:00,85.62,Rainy
SENSOR_0011,2026-01-03 03:00:00,3.12,Sunny
SENSOR_0016,2026-01-07 02:00:00,,Hot
SENSOR_0022,2026-01-05 04:00:00,1.99,Sunny
SENSOR_0007,2025-12-22 04:00:00,73.87,Cloudy
SENSOR_0027,2025-12-31 15:00:00,35.68,Cloudy
SENSOR_0017,2025-12-25 14:00:00,50.52,Cloudy
SENSOR_0045,2025-12-30 19:00:00,29.53,Cloudy
SENSOR_0028,2025-12-31 12:00:00,69.2,Sunny
SENSOR_0028,2025-12-15 04:00:00,182.51,Cloudy
SENSOR_0013,2026-01-01 13:00:00,120.61,Cold
SENSOR_0050,2025-12-17 13:00:00,103.11,Rainy
SENSOR_0034,2025-12-28 01:00:00,34.46,Hot
SENSOR_0015,2025-12-29 23:00:00,241.71,Cloudy
SENSOR_0008,2025-12-17 18:00:00,37.72,Cloudy
SENSOR_0024,2026-01-07 05:00:00,21.15,Rainy
SENSOR_0016,2025-12-24 11:00:00,37.98,Cold
SENSOR_0002,2025-12-11 00:00:00,102.0,Hot
SENSOR_0025,2026-01-01 04:00:00,4.81,Hot
SENSOR_0042,2025-12-29 21:00:00,20.07,Hot
SENSOR_0007,2025-12-20 04:00:00,79.72460478621521,Sunny
SENSOR_0015,2025-12-28 10:00:00,36.23,Cloudy
SENSOR_0008,2025-12-15 13:00:00,202.94983875470737,Hot
SENSOR_0032,2026-01-08 10:00:00,16.25,Hot
SENSOR_0043,2025-12-13 03:00:00,89.56,Cold
SENSOR_0015,2025-12-29 22:00:00,5.31,Hot
SENSOR_0039,2025-12-14 22:00:00,81.83,Hot
SENSOR_0047,2025-12-23 18:00:00,75.81,Rainy
SENSOR_0045,2026-01-07 03:00:00,20.2,Rainy
SENSOR_0019,2025-12-31 21:00:00,,Hot
SENSOR_0024,2025-12-12 11:00:00,372.86,Cloudy
SENSOR_0029,2025-12-12 20:00:00,78.81,Rainy
SENSOR_0015,2025-12-19 17:00:00,61.1,Cold
SENSOR_0040,2025-12-31 01:00:00,88.22,Sunny
SENSOR_0025,2026-01-08 16:00:00,151.8606165870578,Cold
SENSOR_0014,2026-01-07 10:00:00,22.65,Sunny
SENSOR_0009,2025-12-11 18:00:00,35.23,Hot
SENSOR_0046,2026-01-05 19:00:00,81.09,Hot
SENSOR_0047,2026-01-05 13:00:00,62.01,Cold
SENSOR_0030,2025-12-13 02:00:00,492.45,Rainy
SENSOR_0050,2025-12-26 03:00:00,316.59,Cold
SENSOR_0040,2025-12-23 14:00:00,9.77,Hot
SENSOR_0019,2025-12-27 02:00:00,362.53,Cloudy
SENSOR_0036,2025-12-27 00:00:00,32.32,Cold
SENSOR_0002,2025-12-22 12:00:00,9.34,Cold
SENSOR_0035,2026-01-04 14:00:00,6.54,Rainy
SENSOR_0023,2025-12-14 03:00:00,70.62,Hot
SENSOR_0022,2025-12-19 08:00:00,336.91,Rainy
SENSOR_0045,2025-12-18 14:00:00,41.44,Cloudy
SENSOR_0040,2026-01-06 08:00:00,203.14,Hot
SENSOR_0030,2025-12-15 02:00:00,27.66,Sunny
SENSOR_0011,2025-12-10 20:00:00,12.3,Rainy
SENSOR_0025,2025-12-23 16:00:00,71.91,Rainy
SENSOR_0025,2025-12-22 22:00:00,46.26,Hot
SENSOR_0043,2025-12-29 07:00:00,425.54,Cold
SENSOR_0005,2026-01-03 08:00:00,74.13,Hot
SENSOR_0030,2026-01-03 17:00:00,2.79,Sunny
SENSOR_0018,2025-12-13 19:00:00,71.35303946386382,Cloudy
SENSOR_0028,2025-12-24 19:00:00,31.27,Cold
SENSOR_0030,2025-12-29 15:00:00,39.24,Cold
SENSOR_0015,2026-01-01 21:00:00,289.22,Cold
SENSOR_0021,2026-01-02 08:00:00,32.33,Rainy
SENSOR_0050,2025-12-22 17:00:00,65.59,Rainy
SENSOR_0037,2025-12-11 08:00:00,6.93,Rainy
SENSOR_0034,2025-12-19 05:00:00,25.77,Sunny
SENSOR_0037,2025-12-30 19:00:00,166.63,Rainy
SENSOR_0025,2025-12-28 07:00:00,36.81,Hot
SENSOR_0007,2026-01-07 06:00:00,38.25,Rainy
SENSOR_0036,2025-12-15 02:00:00,62.26,Cloudy
SENSOR_0037,2025-12-30 01:00:00,52.58,Sunny
SENSOR_0009,2026-01-06 02:00:00,,Cloudy
SENSOR_0049,2026-01-04 01:00:00,,Cloudy
SENSOR_0041,2025-12-25 07:00:00,45.18,Cloudy
SENSOR_0010,2025-12-24 05:00:00,71.88,Sunny
SENSOR_0032,2025-12-19 10:00:00,210.87,Cloudy
SENSOR_0015,2025-12-10 12:00:00,75.73,Rainy
SENSOR_0029,2025-12-11 08:00:00,92.14,Sunny
SENSOR_0017,2025-12-13 16:00:00,135.05,Cloudy
SENSOR_0009,2025-12-24 01:00:00,36.9,Cloudy
SENSOR_0012,2025-12-16 00:00:00,28.61,Cloudy
SENSOR_0010,2025-12-14 22:00:00,110.91,Cold
SENSOR_0007,2025-12-26 13:00:00,1.01,Cold
SENSOR_0034,2025-12-31 11:00:00,162.98,Cloudy
SENSOR_0008,2025-12-22 08:00:00,487.79,Rainy
SENSOR_0001,2026-01-07 08:00:00,18.68,Sunny
SENSOR_0022,2025-12-24 14:00:00,44.51,Cold
SENSOR_0015,2026-01-04 18:00:00,20.44,Cloudy
SENSOR_0038,2025-12-13 18:00:00,143.67,Hot
SENSOR_0032,2025-12-15 05:00:00,12.67,Rainy
SENSOR_0049,2025-12-15 06:00:00,60.46,Rainy
SENSOR_0049,2025-12-13 18:00:00,22.97,Rainy
SENSOR_0010,2025-12-13 09:00:00,54.39,Hot
SENSOR_0017,2025-12-29 07:00:00,442.58,Rainy
SENSOR_0019,2026-01-03 21:00:00,267.13,Cold
SENSOR_0040,2026-01-05 06:00:00,72.81,Rainy
SENSOR_0011,2025-12-15 08:00:00,15.43,Cloudy
SENSOR_0017,2025-12-24 07:00:00,8.57,Cloudy
SENSOR_0005,2025-12-21 18:00:00,455.75,Sunny
SENSOR_0012,2025-12-29 11:00:00,35.53,Cloudy
SENSOR_0044,2025-12-15 09:00:00,30.34,Cloudy
SENSOR_0005,2025-12-29 02:00:00,30.83,Cold
SENSOR_0050,2025-12-10 21:00:00,164.1565498183941,Cloudy
SENSOR_0010,2026-01-05 07:00:00,92.12,Sunny
SENSOR_0003,2025-12-22 16:00:00,19.85,Sunny
SENSOR_0004,2025-12-15 02:00:00,28.66,Sunny
SENSOR_0030,2025-12-16 05:00:00,77.75,Cold
SENSOR_0032,2025-12-11 19:00:00,36.35,Rainy
SENSOR_0040,2026-01-02 00:00:00,23.07,Cloudy
SENSOR_0017,2026-01-07 17:00:00,53.04,Cold
SENSOR_0009,2025-12-27 05:00:00,9.86,Hot
SENSOR_0025,2025-12-09 19:00:00,8.13,Hot
SENSOR_0025,2025-12-25 01:00:00,55.07,Hot
SENSOR_0010,2025-12-28 03:00:00,235.3,Rainy
SENSOR_0041,2025-12-28 04:00:00,247.47,Cloudy
SENSOR_0008,2025-12-12 10:00:00,90.83,Sunny
SENSOR_0008,2025-12-22 02:00:00,90.55,Cloudy
SENSOR_0025,2026-01-02 22:00:00,50.51,Cold
SENSOR_0028,2025-12-25 23:00:00,86.78,Cold
SENSOR_0032,2026-01-08 18:00:00,68.37,Hot
SENSOR_0018,2026-01-06 19:00:00,970.8835541485772,Sunny
SENSOR_0018,2025-12-17 12:00:00,74.13,Hot
SENSOR_0016,2025-12-29 14:00:00,164.97,Rainy
SENSOR_0024,2025-12-14 16:00:00,73.12,Sunny
SENSOR_0041,2025-12-23 08:00:00,119.0,Cold
SENSOR_0021,2026-01-02 21:00:00,182.36,Cold
SENSOR_0014,2026-01-01 15:00:00,69.47,Hot
SENSOR_0017,2026-01-03 16:00:00,,Cold
SENSOR_0032,2025-12-27 21:00:00,319.77,Hot
SENSOR_0018,2025-12-27 01:00:00,391.6570389167,Hot
SENSOR_0034,2026-01-02 11:00:00,10.77,Sunny
SENSOR_0014,2026-01-04 18:00:00,98.02,Cloudy
SENSOR_0011,2025-12-29 17:00:00,411.74,Cloudy
SENSOR_0044,2025-12-19 13:00:00,415.75,Sunny
SENSOR_0015,2025-12-14 11:00:00,80.82,Cloudy
SENSOR_0034,2025-12-30 12:00:00,16.87,Hot
SENSOR_0031,2026-01-08 13:00:00,9.31,Rainy
SENSOR_0021,2026-01-06 18:00:00,40.97,Rainy
SENSOR_0046,2025-12-10 20:00:00,179.04,Cold
SENSOR_0044,2026-01-03 01:00:00,329.02,Rainy
SENSOR_0032,2025-12-27 06:00:00,69.11,Rainy
SENSOR_0036,2025-12-10 09:00:00,45.03,Rainy
SENSOR_0020,2026-01-02 11:00:00,42.9,Cloudy
SENSOR_0041,2026-01-08 17:00:00,89.53,Cloudy
SENSOR_0014,2025-12-29 02:00:00,63.19,Rainy
SENSOR_0008,2025-12-10 17:00:00,29.82,Rainy
SENSOR_0012,2025-12-22 15:00:00,55.69,Hot
SENSOR_0050,2025-12-31 18:00:00,581.3997365638922,Rainy
SENSOR_0044,2025-12-12 03:00:00,68.35,Hot
SENSOR_0042,2025-12-16 02:00:00,73.29,Cold
SENSOR_0022,2026-01-05 05:00:00,456.99,Rainy
SENSOR_0023,2025-12-29 02:00:00,71.08,Cloudy
SENSOR_0007,2025-12-17 14:00:00,372.7,Cold
SENSOR_0021,2025-12-26 11:00:00,,Hot
SENSOR_0028,2025-12-19 21:00:00,292.46,Cloudy
SENSOR_0004,2026-01-05 01:00:00,61.34,Rainy
SENSOR_0037,2025-12-18 17:00:00,109.22,Rainy
SENSOR_0039,2026-01-01 17:00:00,14.08,Cloudy
SENSOR_0007,2025-12-30 02:00:00,26.35,Cloudy
SENSOR_0030,2025-12-10 01:00:00,117.87,Hot
SENSOR_0006,2025-12-21 17:00:00,40.85,Rainy
SENSOR_0007,2026-01-03 00:00:00,39.52,Cold
SENSOR_0009,2026-01-03 07:00:00,32.2,Hot
SENSOR_0001,2026-01-07 16:00:00,54.8,Hot
SENSOR_0001,2025-12-15 14:00:00,485.67,Cold
SENSOR_0045,2025-12-17 06:00:00,61.35,Cloudy
SENSOR_0008,2025-12-19 08:00:00,3.89,Cold
SENSOR_0035,2025-12-29 21:00:00,321.17,Cold
SENSOR_0001,2025-12-16 07:00:00,78.71,Cold
SENSOR_0011,2025-12-31 17:00:00,32.19,Rainy
SENSOR_0019,2026-01-08 10:00:00,52.98,Sunny
SENSOR_0033,2026-01-03 09:00:00,335.23,Cloudy
SENSOR_0009,2025-12-26 17:00:00,81.63,Cloudy
SENSOR_0040,2026-01-07 12:00:00,15.04,Cloudy
SENSOR_0015,2025-12-28 10:00:00,268.96,Sunny
SENSOR_0012,2025-12-19 08:00:00,42.88,Cloudy
SENSOR_0030,2025-12-20 14:00:00,7.24,Hot
SENSOR_0023,2025-12-17 09:00:00,245.19,Hot
SENSOR_0024,2026-01-04 18:00:00,283.45,Rainy
SENSOR_0049,2025-12-28 16:00:00,91.2,Rainy
SENSOR_0001,2025-12-16 21:00:00,37.62,Cloudy
SENSOR_0020,2025-12-12 11:00:00,10.28,Sunny
SENSOR_0040,2025-12-30 19:00:00,110.52,Cold
SENSOR_0026,2025-12-20 15:00:00,99.76,Sunny
SENSOR_0005,2026-01-06 06:00:00,4.28,Hot
SENSOR_0015,2025-12-12 03:00:00,,Cold
SENSOR_0018,2025-12-26 14:00:00,221.98,Rainy
SENSOR_0025,2026-01-08 04:00:00,424.18,Hot
SENSOR_0040,2025-12-29 19:00:00,33.96,Cloudy
SENSOR_0009,2025-12-10 07:00:00,365.92,Cloudy
SENSOR_0042,2025-12-19 03:00:00,34.0,Sunny
SENSOR_0029,2025-12-20 00:00:00,,Hot
SENSOR_0006,2025-12-29 17:00:00,39.38,Hot
SENSOR_0045,2026-01-04 07:00:00,92.31,Hot
SENSOR_0022,2025-12-27 04:00:00,23.53,Hot
SENSOR_0041,2025-12-13 09:00:00,31.59,Hot
SENSOR_0028,2025-12-22 10:00:00,425.0,Rainy
SENSOR_0005,2025-12-15 15:00:00,98.53,Cold
SENSOR_0038,2025-12-17 00:00:00,,Cold
SENSOR_0019,2025-12-29 06:00:00,3.1,Sunny
SENSOR_0013,2025-12-17 12:00:00,32.16,Rainy
SENSOR_0037,2025-12-22 15:00:00,36.03,Rainy
SENSOR_0013,2025-12-16 20:00:00,13.24,Hot
SENSOR_0030,2025-12-27 23:00:00,28.78,Cloudy
SENSOR_0018,2025-12-25 02:00:00,279.87,Sunny
SENSOR_0003,2025-12-27 19:00:00,42.1,Hot
SENSOR_0007,2025-12-28 23:00:00,1.78,Hot
SENSOR_0016,2025-12-24 13:00:00,23.07,Hot
SENSOR_0007,2025-12-18 11:00:00,12.53,Cloudy
SENSOR_0022,2025-12-15 22:00:00,11.83,Sunny
SENSOR_0022,2025-12-30 22:00:00,184.4,Sunny
SENSOR_0015,2025-12-14 13:00:00,491.94,Sunny
SENSOR_0045,2025-12-16 07:00:00,73.05,Sunny
SENSOR_0032,2026-01-06 18:00:00,47.53,Cloudy
SENSOR_0050,2025-12-20 21:00:00,25.32,Sunny
SENSOR_0025,2025-12-12 00:00:00,80.61,Hot
SENSOR_0015,2025-12-28 04:00:00,84.34,Sunny
SENSOR_0004,2025-12-26 13:00:00,27.97,Hot
SENSOR_0035,2025-12-19 19:00:00,224.45,Cold
SENSOR_0004,2025-12-30 13:00:00,38.01,Cold
SENSOR_0033,2026-01-02 14:00:00,23.57,Cold
SENSOR_0037,2026-01-01 00:00:00,0.83,Sunny
SENSOR_0038,2025-12-20 04:00:00,69.94,Sunny
SENSOR_0006,2025-12-30 18:00:00,59.63,Cold
SENSOR_0010,2025-12-17 08:00:00,96.92,Rainy
SENSOR_0025,2025-12-13 00:00:00,72.83,Cloudy
SENSOR_0008,2025-12-19 12:00:00,349.33,Sunny
SENSOR_0018,2025-12-28 19:00:00,19.97,Rainy
SENSOR_0032,2025-12-13 00:00:00,,Cold
SENSOR_0028,2025-12-18 06:00:00,27.28,Cold
SENSOR_0019,2025-12-12 09:00:00,437.46,Rainy
SENSOR_0037,2025-12-31 21:00:00,139.09,Cloudy
SENSOR_0004,2026-01-04 08:00:00,12.6,Cold
SENSOR_0002,2025-12-21 12:00:00,12.95,Cloudy
SENSOR_0045,2025-12-24 10:00:00,74.82,Sunny
SENSOR_0046,2026-01-07 21:00:00,56.92,Rainy
SENSOR_0035,2026-01-02 02:00:00,43.23,Cloudy
SENSOR_0012,2025-12-19 07:00:00,464.97,Hot
SENSOR_0033,2026-01-05 16:00:00,97.36,Cloudy
SENSOR_0019,2025-12-23 11:00:00,7.5,Rainy
SENSOR_0022,2025-12-31 00:00:00,51.64,Cold
SENSOR_0045,2025-12-14 11:00:00,72.44,Cloudy
SENSOR_0043,2026-01-01 19:00:00,309.42,Sunny
SENSOR_0002,2025-12-23 19:00:00,118.93,Rainy
SENSOR_0024,2025-12-27 02:00:00,70.75,Sunny
SENSOR_0047,2025-12-27 07:00:00,61.94,Cold
SENSOR_0050,2025-12-12 13:00:00,41.71,Hot
SENSOR_0002,2025-12-11 10:00:00,29.33,Rainy
SENSOR_0047,2025-12-10 16:00:00,14.69,Hot
SENSOR_0004,2025-12-27 10:00:00,221.86,Cloudy
SENSOR_0032,2025-12-15 19:00:00,6.24,Cold
SENSOR_0014,2025-12-22 16:00:00,28.44,Rainy
SENSOR_0001,2026-01-04 01:00:00,32.38,Hot
SENSOR_0007,2025-12-23 14:00:00,1.09,Rainy
SENSOR_0015,2026-01-05 12:00:00,94.7,Cold
SENSOR_0024,2025-12-27 08:00:00,11.74,Rainy
SENSOR_0005,2025-12-24 02:00:00,78.62,Cold
SENSOR_0050,2025-12-28 08:00:00,24.27,Rainy
SENSOR_0023,2025-12-28 02:00:00,197.23,Cloudy
SENSOR_0043,2025-12-30 20:00:00,2.5,Cold
SENSOR_0014,2025-12-25 22:00:00,160.67,Cold
SENSOR_0011,2025-12-21 21:00:00,25.78,Hot
SENSOR_0005,2025-12-25 01:00:00,5.83,Sunny
SENSOR_0019,2025-12-22 06:00:00,476.56,Cloudy
SENSOR_0041,2025-12-17 12:00:00,81.15,Cold
SENSOR_0011,2025-12-10 10:00:00,81.13,Cold
SENSOR_0021,2025-12-13 12:00:00,76.82,Cloudy
SENSOR_0010,2025-12-10 08:00:00,190.74227242587722,Cloudy
SENSOR_0008,2026-01-04 03:00:00,252.71,Hot
SENSOR_0049,2026-01-04 07:00:00,40.41,Cloudy
SENSOR_0047,2025-12-18 14:00:00,96.05,Cloudy
SENSOR_0043,2025-12-21 08:00:00,60.7,Hot
SENSOR_0017,2025-12-10 06:00:00,,Cold
SENSOR_0049,2025-12-30 02:00:00,9.87,Rainy
SENSOR_0018,2025-12-14 16:00:00,90.81,Hot
SENSOR_0043,2025-12-18 22:00:00,14.19,Rainy
SENSOR_0034,2025-12-16 06:00:00,27.49,Rainy
SENSOR_0004,2025-12-19 04:00:00,22.2,Hot
SENSOR_0025,2025-12-18 12:00:00,25.03,Cloudy
SENSOR_0046,2025-12-22 07:00:00,22.21,Cold
SENSOR_0043,2026-01-04 06:00:00,20.68,Rainy
SENSOR_0018,2025-12-19 03:00:00,78.04,Sunny
SENSOR_0022,2025-12-19 07:00:00,404.48,Cold
SENSOR_0013,2025-12-13 19:00:00,36.79,Cold
SENSOR_0047,2026-01-08 06:00:00,13.11,Hot
SENSOR_0026,2025-12-30 18:00:00,18.81,Cloudy
SENSOR_0015,2025-12-23 04:00:00,17.79,Hot
SENSOR_0029,2025-12-20 05:00:00,97.72,Sunny
SENSOR_0044,2025-12-23 01:00:00,43.37,Rainy
SENSOR_0039,2026-01-02 08:00:00,2.65,Cloudy
SENSOR_0016,2026-01-07 00:00:00,,Hot
SENSOR_0009,2025-12-16 01:00:00,100.49,Sunny
SENSOR_0026,2025-12-11 14:00:00,40.21,Rainy
SENSOR_0049,2025-12-20 08:00:00,98.65,Hot
SENSOR_0023,2026-01-06 18:00:00,12.51,Sunny
SENSOR_0036,2025-12-23 12:00:00,29.45,Rainy
SENSOR_0040,2026-01-07 12:00:00,28.44,Hot
SENSOR_0014,2025-12-11 07:00:00,118.94,Cold
SENSOR_0021,2025-12-23 18:00:00,7.88,Hot
SENSOR_0002,2026-01-07 16:00:00,92.8,Hot
SENSOR_0042,2025-12-18 21:00:00,93.73,Cold
SENSOR_0042,2025-12-16 12:00:00,,Rainy
SENSOR_0034,2025-12-10 02:00:00,107.26,Sunny
SENSOR_0007,2026-01-01 11:00:00,45.98,Hot
SENSOR_0003,2025-12-27 22:00:00,92.83,Rainy
SENSOR_0041,2026-01-04 23:00:00,39.5,Rainy
SENSOR_0026,2026-01-02 09:00:00,,Cold
SENSOR_0049,2026-01-02 07:00:00,116.46,Cold
SENSOR_0023,2025-12-25 14:00:00,62.17,Rainy
SENSOR_0021,2025-12-11 21:00:00,26.86,Cloudy
SENSOR_0018,2025-12-22 01:00:00,31.02,Sunny
SENSOR_0027,2025-12-28 00:00:00,44.54,Rainy
SENSOR_0040,2026-01-04 04:00:00,81.96,Sunny
SENSOR_0004,2026-01-01 07:00:00,1.51,Hot
SENSOR_0034,2026-01-06 10:00:00,,Hot
SENSOR_0023,2026-01-08 16:00:00,35.88,Sunny
SENSOR_0004,2025-12-31 03:00:00,80.72,Cold
SENSOR_0004,2025-12-12 04:00:00,67.83,Sunny
SENSOR_0014,2025-12-25 05:00:00,191.91,Cloudy
SENSOR_0005,2025-12-28 19:00:00,98.62,Cloudy
SENSOR_0041,2025-12-28 04:00:00,19.68,Rainy
SENSOR_0048,2025-12-31 18:00:00,189.22,Hot
SENSOR_0011,2025-12-29 17:00:00,233.89,Hot
SENSOR_0046,2025-12-29 17:00:00,42.78,Rainy
SENSOR_0033,2025-12-26 07:00:00,343.78,Rainy
SENSOR_0025,2025-12-26 23:00:00,34.66,Sunny
SENSOR_0003,2026-01-01 22:00:00,81.27,Cloudy
SENSOR_0023,2025-12-18 18:00:00,57.42,Hot
SENSOR_0017,2025-12-28 09:00:00,180.2,Cold
SENSOR_0028,2025-12-27 20:00:00,22.18,Sunny
SENSOR_0021,2025-12-16 10:00:00,25.46,Cold
SENSOR_0013,2026-01-01 21:00:00,20.74,Cloudy
SENSOR_0027,2025-12-17 11:00:00,34.53,Hot
SENSOR_0036,2025-12-22 06:00:00,76.65,Cold
SENSOR_0050,2026-01-07 03:00:00,220.81,Sunny
SENSOR_0022,2025-12-25 03:00:00,28.97,Cold
SENSOR_0034,2026-01-05 18:00:00,145.31,Cloudy
SENSOR_0022,2026-01-04 21:00:00,64.4,Rainy
SENSOR_0004,2025-12-23 02:00:00,96.88,Hot
SENSOR_0009,2025-12-31 02:00:00,55.25,Rainy
SENSOR_0006,2025-12-10 03:00:00,92.45,Cloudy
SENSOR_0042,2026-01-03 09:00:00,16.65,Hot
SENSOR_0004,2026-01-05 07:00:00,55.37,Cloudy
SENSOR_0003,2026-01-06 13:00:00,76.67,Cold
SENSOR_0023,2025-12-21 14:00:00,30.24,Sunny
SENSOR_0025,2025-12-11 20:00:00,120.03,Cloudy
SENSOR_0044,2026-01-01 23:00:00,15.68,Rainy
SENSOR_0006,2026-01-02 13:00:00,98.66,Rainy
SENSOR_0026,2025-12-27 02:00:00,52.87,Cold
SENSOR_0016,2026-01-06 21:00:00,18.91,Rainy
SENSOR_0046,2026-01-01 05:00:00,24.18,Hot
SENSOR_0005,2026-01-05 09:00:00,19.25,Cold
SENSOR_0018,2025-12-14 21:00:00,18.89,Cold
SENSOR_0003,2025-12-31 06:00:00,55.63,Hot
SENSOR_0005,2026-01-04 02:00:00,245.7,Cloudy
SENSOR_0005,2025-12-13 18:00:00,63.85,Rainy
SENSOR_0022,2025-12-21 05:00:00,61.21,Cold
SENSOR_0026,2025-12-30 05:00:00,69.84,Sunny
SENSOR_0015,2025-12-29 08:00:00,75.74,Rainy
SENSOR_0014,2025-12-16 06:00:00,43.06,Hot
SENSOR_0044,2026-01-08 03:00:00,83.78,Hot
SENSOR_0045,2025-12-18 20:00:00,84.57,Hot
SENSOR_0035,2025-12-12 13:00:00,27.71,Hot
SENSOR_0011,2025-12-26 07:00:00,66.0,Cold
SENSOR_0025,2025-12-11 18:00:00,33.01,Hot
SENSOR_0013,2025-12-19 10:00:00,149.67,Cold
SENSOR_0004,2025-12-24 16:00:00,44.25,Rainy
SENSOR_0002,2025-12-22 04:00:00,82.74,Sunny
SENSOR_0028,2025-12-28 03:00:00,214.06,Rainy
SENSOR_0047,2025-12-29 10:00:00,117.66,Hot
SENSOR_0026,2026-01-01 15:00:00,85.74,Rainy
SENSOR_0048,2025-12-19 00:00:00,33.23,Cold
SENSOR_0033,2026-01-05 15:00:00,2.56,Rainy
SENSOR_0022,2025-12-11 22:00:00,245.4,Cloudy
SENSOR_0021,2025-12-24 23:00:00,31.38,Cold
SENSOR_0034,2025-12-24 11:00:00,210.54,Cold
SENSOR_0029,2025-12-15 19:00:00,194.01,Cold
SENSOR_0031,2025-12-19 09:00:00,84.26,Cloudy
SENSOR_0030,2025-12-18 02:00:00,33.58,Hot
SENSOR_0043,2025-12-28 14:00:00,485.79,Sunny
SENSOR_0010,2025-12-24 03:00:00,64.16,Cold
SENSOR_0002,2025-12-14 14:00:00,260.9,Rainy
SENSOR_0024,2025-12-14 16:00:00,30.33,Hot
SENSOR_0044,2025-12-16 03:00:00,19.36,Sunny
SENSOR_0010,2025-12-19 21:00:00,20.08,Sunny
SENSOR_0039,2025-12-19 19:00:00,69.14,Sunny
SENSOR_0014,2025-12-20 02:00:00,63.1,Cloudy
SENSOR_0039,2025-12-27 05:00:00,19.36,Cloudy
SENSOR_0011,2025-12-29 20:00:00,34.51,Cold
SENSOR_0032,2025-12-15 02:00:00,246.31,Cold
SENSOR_0043,2026-01-07 13:00:00,38.59,Hot
SENSOR_0039,2026-01-07 17:00:00,309.2,Cold
SENSOR_0017,2025-12-15 11:00:00,16.18,Rainy
SENSOR_0014,2025-12-22 13:00:00,10.17,Cloudy
SENSOR_0008,2025-12-26 12:00:00,35.77,Cold
SENSOR_0013,2025-12-16 15:00:00,369.62,Cloudy
SENSOR_0001,2025-12-10 14:00:00,239.03,Hot
SENSOR_0003,2025-12-16 21:00:00,402.89,Cold
SENSOR_0036,2025-12-23 16:00:00,36.1,Rainy
SENSOR_0006,2025-12-29 14:00:00,109.94,Hot
SENSOR_0006,2026-01-01 03:00:00,37.24,Sunny
SENSOR_0031,2026-01-07 23:00:00,99.29,Hot
SENSOR_0016,2026-01-06 00:00:00,42.38,Sunny
SENSOR_0044,2025-12-22 04:00:00,377.04,Cold
SENSOR_0011,2026-01-04 23:00:00,10.78,Cloudy
SENSOR_0004,2026-01-07 08:00:00,29.78,Rainy
SENSOR_0037,2025-12-21 13:00:00,44.55,Sunny
SENSOR_0025,2026-01-07 12:00:00,43.5,Sunny
SENSOR_0013,2026-01-07 00:00:00,431.37,Cloudy
SENSOR_0029,2025-12-14 14:00:00,247.9,Cold
SENSOR_0042,2025-12-20 10:00:00,88.35,Cold
SENSOR_0041,2026-01-06 04:00:00,34.08,Rainy
SENSOR_0034,2025-12-19 14:00:00,332.05,Cloudy
SENSOR_0039,2025-12-11 04:00:00,19.76,Cloudy
SENSOR_0037,2025-12-11 08:00:00,316.41,Hot
SENSOR_0031,2026-01-01 11:00:00,,Hot
SENSOR_0019,2025-12-14 21:00:00,41.82,Hot
SENSOR_0035,2026-01-05 14:00:00,21.98,Sunny
SENSOR_0028,2026-01-07 12:00:00,93.1,Cold
SENSOR_0033,2026-01-03 10:00:00,69.35,Cold
SENSOR_0042,2026-01-08 14:00:00,367.58,Rainy
SENSOR_0033,2025-12-20 20:00:00,49.0,Sunny
SENSOR_0023,2025-12-31 12:00:00,61.95,Sunny
SENSOR_0011,2025-12-24 04:00:00,55.76,Sunny
SENSOR_0005,2025-12-17 03:00:00,15.22,Cold
SENSOR_0027,2025-12-28 13:00:00,14.68,Cloudy
SENSOR_0050,2026-01-02 14:00:00,89.06,Sunny
SENSOR_0031,2026-01-02 00:00:00,20.85,Hot
SENSOR_0025,2026-01-07 06:00:00,48.18,Hot
SENSOR_0040,2026-01-02 05:00:00,298.61,Hot
SENSOR_0005,2026-01-05 22:00:00,3.89,Rainy
SENSOR_0003,2025-12-13 03:00:00,62.13,Rainy
SENSOR_0050,2025-12-31 06:00:00,15.68,Cloudy
SENSOR_0013,2025-12-25 04:00:00,333.85,Cold
SENSOR_0037,2025-12-10 12:00:00,88.97,Sunny
SENSOR_0002,2026-01-01 10:00:00,3.38,Rainy
SENSOR_0016,2026-01-06 15:00:00,115.08,Cloudy
SENSOR_0042,2025-12-30 09:00:00,5.0,Sunny
SENSOR_0033,2025-12-31 23:00:00,41.08,Sunny
SENSOR_0012,2025-12-24 16:00:00,32.91,Sunny
SENSOR_0049,2025-12-27 11:00:00,36.06,Rainy
SENSOR_0045,2025-12-26 08:00:00,49.56,Sunny
SENSOR_0030,2026-01-07 20:00:00,43.88,Rainy
SENSOR_0033,2026-01-04 15:00:00,83.44,Sunny
SENSOR_0004,2025-12-17 14:00:00,42.48,Cloudy
SENSOR_0026,2025-12-16 23:00:00,12.27,Sunny
SENSOR_0042,2025-12-16 15:00:00,,Sunny
SENSOR_0041,2025-12-20 15:00:00,154.78,Cloudy
SENSOR_0030,2025-12-31 03:00:00,30.05,Cloudy
SENSOR_0037,2026-01-01 04:00:00,13.02,Hot
SENSOR_0003,2026-01-03 13:00:00,96.47,Sunny
SENSOR_0043,2025-12-20 07:00:00,43.52,Cold
SENSOR_0014,2026-01-06 09:00:00,60.36,Cloudy
SENSOR_0005,2025-12-31 08:00:00,457.43,Cloudy
SENSOR_0036,2026-01-05 21:00:00,85.96,Cold
SENSOR_0008,2025-12-16 14:00:00,14.53,Rainy
SENSOR_0038,2025-12-11 18:00:00,53.23,Cold
SENSOR_0026,2025-12-18 05:00:00,20.17,Hot
SENSOR_0020,2025-12-26 13:00:00,276.27,Sunny
SENSOR_0007,2026-01-05 04:00:00,10.15,Hot
SENSOR_0036,2025-12-18 23:00:00,,Hot
SENSOR_0019,2026-01-06 19:00:00,127.21252679018009,Sunny
SENSOR_0034,2025-12-12 13:00:00,38.33,Hot
SENSOR_0002,2025-12-15 12:00:00,96.9,Rainy
SENSOR_0047,2025-12-28 12:00:00,262.16,Sunny
SENSOR_0049,2025-12-16 14:00:00,354.73,Hot
SENSOR_0031,2026-01-06 23:00:00,364.63,Sunny
SENSOR_0027,2025-12-31 23:00:00,33.38,Cloudy
SENSOR_0009,2026-01-05 18:00:00,29.89,Cloudy
SENSOR_0007,2025-12-19 01:00:00,229.76,Rainy
SENSOR_0014,2025-12-17 18:00:00,58.44,Rainy
SENSOR_0039,2025-12-14 12:00:00,62.4,Hot
SENSOR_0033,2025-12-26 22:00:00,56.36,Cold
SENSOR_0005,2025-12-18 02:00:00,16.66,Cold
SENSOR_0039,2025-12-26 08:00:00,60.64,Cold
SENSOR_0009,2025-12-27 00:00:00,270.91,Hot
SENSOR_0027,2025-12-26 04:00:00,42.09,Cold
SENSOR_0040,2026-01-05 15:00:00,1183.6726131545117,Cloudy
SENSOR_0027,2025-12-12 22:00:00,25.95,Sunny
SENSOR_0036,2025-12-26 08:00:00,91.81,Hot
SENSOR_0013,2025-12-15 12:00:00,42.98,Rainy
SENSOR_0022,2025-12-21 08:00:00,75.52,Hot
SENSOR_0031,2025-12-20 06:00:00,22.67,Cold
SENSOR_0024,2025-12-19 02:00:00,28.24,Cloudy
SENSOR_0001,2025-12-17 23:00:00,20.38,Hot
SENSOR_0005,2025-12-21 03:00:00,24.63,Cold
SENSOR_0012,2026-01-02 12:00:00,91.65,Cold
SENSOR_0010,2025-12-12 05:00:00,35.87,Rainy
SENSOR_0025,2025-12-21 10:00:00,93.81,Cloudy
SENSOR_0040,2026-01-07 18:00:00,37.92,Cloudy
SENSOR_0016,2025-12-31 07:00:00,62.79,Cold
SENSOR_0042,2025-12-27 20:00:00,247.19,Cold
SENSOR_0047,2025-12-10 17:00:00,46.55,Cold
SENSOR_0032,2026-01-04 16:00:00,283.66,Hot
SENSOR_0046,2025-12-18 21:00:00,,Sunny
SENSOR_0023,2025-12-15 09:00:00,15.77,Cold
SENSOR_0036,2025-12-28 06:00:00,88.24,Sunny
SENSOR_0032,2025-12-24 21:00:00,,Sunny
SENSOR_0021,2025-12-24 03:00:00,80.2,Sunny
SENSOR_0008,2025-12-22 11:00:00,73.36,Cold
SENSOR_0029,2025-12-31 23:00:00,94.47,Sunny
SENSOR_0031,2026-01-03 20:00:00,16.84,Cold
SENSOR_0014,2026-01-01 08:00:00,5.67,Cold
SENSOR_0031,2025-12-15 08:00:00,306.2,Cold
SENSOR_0036,2025-12-24 03:00:00,33.58,Cloudy
SENSOR_0042,2025-12-24 23:00:00,344.09,Sunny
SENSOR_0019,2025-12-13 07:00:00,197.86,Cloudy
SENSOR_0032,2025-12-19 15:00:00,270.12,Rainy
SENSOR_0020,2025-12-20 20:00:00,206.1,Sunny
SENSOR_0018,2025-12-30 01:00:00,148.57,Cloudy
SENSOR_0009,2025-12-29 16:00:00,39.14,Cold
SENSOR_0024,2026-01-05 06:00:00,79.43,Cloudy
SENSOR_0037,2026-01-06 22:00:00,284.77,Cold
SENSOR_0037,2025-12-18 00:00:00,27.14,Cold
SENSOR_0001,2025-12-10 12:00:00,64.58,Cold
SENSOR_0025,2025-12-22 22:00:00,21.41,Sunny
SENSOR_0037,2025-12-11 03:00:00,5.2,Cold
SENSOR_0031,2026-01-05 18:00:00,37.26,Hot
SENSOR_0026,2025-12-14 14:00:00,331.72,Hot
SENSOR_0003,2025-12-12 02:00:00,78.33,Rainy
SENSOR_0009,2025-12-28 16:00:00,9.8,Cold
SENSOR_0014,2025-12-10 15:00:00,102.5,Sunny
SENSOR_0039,2025-12-10 15:00:00,35.67,Sunny
SENSOR_0041,2026-01-08 03:00:00,441.48,Sunny
SENSOR_0027,2025-12-14 03:00:00,116.27,Hot
SENSOR_0011,2025-12-22 06:00:00,251.94,Sunny
SENSOR_0010,2025-12-19 20:00:00,437.31,Cloudy
SENSOR_0004,2025-12-21 02:00:00,23.74,Cold
SENSOR_0043,2026-01-02 17:00:00,258.5,Sunny
SENSOR_0010,2025-12-27 23:00:00,10.54,Cold
SENSOR_0050,2026-01-07 01:00:00,493.9,Hot
SENSOR_0023,2025-12-28 09:00:00,8.78,Cloudy
SENSOR_0031,2026-01-08 19:00:00,64.91,Cloudy
SENSOR_0030,2025-12-11 01:00:00,91.47,Cold
SENSOR_0017,2025-12-26 16:00:00,9.42,Hot
SENSOR_0035,2026-01-07 02:00:00,39.33,Hot
SENSOR_0045,2025-12-26 22:00:00,251.03,Rainy
SENSOR_0024,2025-12-16 06:00:00,21.78,Cloudy
SENSOR_0048,2026-01-04 23:00:00,45.58,Sunny
SENSOR_0034,2025-12-19 18:00:00,88.0489832592796,Cold
SENSOR_0028,2025-12-16 08:00:00,144.59,Cold
SENSOR_0005,2025-12-23 08:00:00,61.75,Cold
SENSOR_0009,2025-12-10 18:00:00,11.61,Cold
SENSOR_0030,2025-12-25 08:00:00,272.64,Hot
SENSOR_0019,2026-01-03 20:00:00,93.4,Rainy
SENSOR_0012,2025-12-11 23:00:00,10.73,Sunny
SENSOR_0007,2025-12-13 04:00:00,22.14,Hot
SENSOR_0017,2025-12-14 16:00:00,35.75,Rainy
SENSOR_0044,2025-12-24 00:00:00,51.36,Rainy
SENSOR_0005,2025-12-23 00:00:00,50.39,Hot
SENSOR_0043,2025-12-30 00:00:00,108.95,Hot
SENSOR_0043,2026-01-07 06:00:00,37.69,Cloudy
SENSOR_0032,2025-12-19 15:00:00,10.25,Cold
SENSOR_0040,2025-12-17 15:00:00,8.12,Cold
SENSOR_0021,2025-12-31 12:00:00,33.22,Sunny
SENSOR_0030,2025-12-27 10:00:00,35.6,Cloudy
SENSOR_0018,2025-12-10 03:00:00,33.07,Cloudy
SENSOR_0012,2025-12-11 16:00:00,314.71,Cold
SENSOR_0010,2025-12-12 03:00:00,1.36,Cloudy
SENSOR_0004,2025-12-20 01:00:00,35.95,Cloudy
SENSOR_0026,2025-12-30 22:00:00,71.42,Rainy
SENSOR_0016,2025-12-24 22:00:00,56.87,Sunny
SENSOR_0037,2025-12-30 21:00:00,77.99,Hot
SENSOR_0003,2025-12-26 08:00:00,25.17,Sunny
SENSOR_0027,2025-12-31 05:00:00,25.59,Sunny
SENSOR_0037,2025-12-30 06:00:00,40.31,Sunny
SENSOR_0044,2025-12-23 22:00:00,498.88,Hot
SENSOR_0028,2026-01-03 21:00:00,27.28,Rainy
SENSOR_0034,2025-12-18 01:00:00,1.95,Cold
SENSOR_0038,2025-12-16 10:00:00,83.12,Rainy
SENSOR_0026,2025-12-22 04:00:00,89.96,Hot
SENSOR_0004,2025-12-27 11:00:00,3.01,Cloudy
SENSOR_0018,2025-12-18 12:00:00,133.66,Sunny
SENSOR_0044,2025-12-27 12:00:00,41.01,Cold
SENSOR_0007,2026-01-04 00:00:00,13.5,Rainy
SENSOR_0028,2025-12-22 19:00:00,3.5,Sunny
SENSOR_0025,2025-12-19 08:00:00,36.46,Rainy
SENSOR_0025,2025-12-16 06:00:00,9.41,Cold
SENSOR_0001,2025-12-20 03:00:00,30.49,Cold
SENSOR_0009,2025-12-10 18:00:00,32.88,Hot
SENSOR_0014,2026-01-02 15:00:00,109.33,Hot
SENSOR_0016,2025-12-15 14:00:00,80.62,Cold
SENSOR_0030,2025-12-12 05:00:00,13.77,Hot
SENSOR_0014,2025-12-27 23:00:00,32.42,Rainy
SENSOR_0032,2025-12-18 12:00:00,44.35,Hot
SENSOR_0006,2026-01-05 17:00:00,105.32,Rainy
SENSOR_0049,2025-12-27 17:00:00,14.6,Hot
SENSOR_0037,2025-12-27 06:00:00,,Cloudy
SENSOR_0048,2025-12-21 16:00:00,16.32,Sunny
SENSOR_0050,2025-12-27 08:00:00,30.29,Rainy
SENSOR_0030,2025-12-18 21:00:00,,Rainy
SENSOR_0012,2026-01-03 05:00:00,31.84,Sunny
SENSOR_0022,2026-01-05 08:00:00,181.33,Sunny
SENSOR_0015,2025-12-29 09:00:00,44.8,Hot
SENSOR_0005,2025-12-18 09:00:00,249.44,Sunny
SENSOR_0048,2025-12-12 15:00:00,,Sunny
SENSOR_0045,2025-12-30 02:00:00,70.17,Sunny
SENSOR_0048,2025-12-15 08:00:00,19.35,Hot
SENSOR_0037,2025-12-26 22:00:00,73.06,Sunny
SENSOR_0038,2026-01-05 10:00:00,105.14,Cloudy
SENSOR_0013,2025-12-18 16:00:00,36.06,Cloudy
SENSOR_0020,2025-12-11 02:00:00,82.06,Cold
SENSOR_0044,2026-01-06 07:00:00,478.34,Sunny
SENSOR_0046,2025-12-23 14:00:00,490.41,Hot
SENSOR_0021,2025-12-25 14:00:00,100.68,Sunny
SENSOR_0048,2026-01-05 04:00:00,45.37,Cloudy
SENSOR_0011,2025-12-28 06:00:00,230.24,Hot
SENSOR_0005,2025-12-14 16:00:00,12.46,Cold
SENSOR_0047,2025-12-22 13:00:00,2.03,Rainy
SENSOR_0002,2025-12-14 14:00:00,22.12,Sunny
SENSOR_0008,2025-12-12 21:00:00,18.08,Cloudy
SENSOR_0004,2025-12-13 06:00:00,40.11,Cloudy
SENSOR_0027,2025-12-27 20:00:00,81.11,Hot
SENSOR_0037,2025-12-27 23:00:00,16.38,Cold
SENSOR_0044,2025-12-09 20:00:00,20.4,Cold
SENSOR_0020,2025-12-17 03:00:00,53.11,Cloudy
SENSOR_0049,2026-01-02 05:00:00,50.45,Cloudy
SENSOR_0050,2025-12-15 05:00:00,4.28,Cold
SENSOR_0050,2025-12-31 13:00:00,104.04,Rainy
SENSOR_0049,2025-12-15 02:00:00,82.83,Cold
SENSOR_0028,2025-12-14 04:00:00,6.37,Sunny
SENSOR_0027,2026-01-04 09:00:00,107.76,Rainy
SENSOR_0034,2025-12-31 18:00:00,69.64,Hot
SENSOR_0001,2025-12-31 23:00:00,454.55,Rainy
SENSOR_0032,2025-12-22 23:00:00,101.42,Rainy
SENSOR_0034,2025-12-18 16:00:00,53.58,Rainy
SENSOR_0016,2025-12-11 15:00:00,67.51,Hot
SENSOR_0028,2026-01-05 21:00:00,31.09,Hot
SENSOR_0040,2025-12-17 23:00:00,489.53,Hot
SENSOR_0047,2025-12-10 21:00:00,4.52,Rainy
SENSOR_0039,2025-12-30 22:00:00,6.36,Cloudy
SENSOR_0050,2025-12-19 02:00:00,31.22,Cold
SENSOR_0040,2026-01-05 14:00:00,17.96,Sunny
SENSOR_0013,2025-12-10 20:00:00,41.09,Hot
SENSOR_0028,2025-12-29 03:00:00,85.81,Cloudy
SENSOR_0016,2025-12-24 19:00:00,28.7,Cloudy
SENSOR_0034,2025-12-13 10:00:00,57.34,Rainy
SENSOR_0003,2025-12-18 19:00:00,35.36,Sunny
SENSOR_0009,2025-12-31 07:00:00,201.78,Cloudy
SENSOR_0021,2025-12-31 21:00:00,222.75,Sunny
SENSOR_0015,2026-01-02 06:00:00,93.46,Cold
SENSOR_0024,2025-12-20 07:00:00,12.87,Hot
SENSOR_0043,2025-12-26 09:00:00,83.8,Hot
SENSOR_0031,2025-12-11 06:00:00,39.03,Cold
SENSOR_0024,2025-12-24 14:00:00,33.04,Sunny
SENSOR_0020,2025-12-20 03:00:00,29.25,Cold
SENSOR_0020,2025-12-11 14:00:00,41.89,Sunny
SENSOR_0036,2026-01-04 09:00:00,,Sunny
SENSOR_0026,2025-12-29 01:00:00,154.95,Cold
SENSOR_0033,2025-12-31 02:00:00,96.94,Cloudy
SENSOR_0041,2025-12-24 02:00:00,120.10627582540445,Cloudy
SENSOR_0036,2025-12-19 03:00:00,13.75,Hot
SENSOR_0046,2025-12-16 05:00:00,11.75,Rainy
SENSOR_0012,2025-12-19 19:00:00,180.38,Cloudy
SENSOR_0043,2025-12-14 03:00:00,109.77,Sunny
SENSOR_0047,2025-12-25 07:00:00,38.55,Rainy
SENSOR_0035,2026-01-03 11:00:00,68.23,Cloudy
SENSOR_0028,2025-12-22 03:00:00,397.18,Sunny
SENSOR_0012,2025-12-18 20:00:00,74.56,Cold
SENSOR_0035,2026-01-08 10:00:00,48.62,Rainy
SENSOR_0044,2025-12-11 12:00:00,260.83,Rainy
SENSOR_0035,2026-01-07 00:00:00,450.81,Rainy
SENSOR_0011,2025-12-29 05:00:00,,Sunny
SENSOR_0019,2025-12-23 22:00:00,328.19,Rainy
SENSOR_0047,2025-12-16 16:00:00,,Cold
SENSOR_0048,2025-12-13 05:00:00,6.48,Hot
SENSOR_0008,2026-01-08 14:00:00,49.35,Cold
SENSOR_0021,2025-12-14 08:00:00,5.9,Rainy
SENSOR_0015,2025-12-19 02:00:00,97.28,Cold
SENSOR_0023,2025-12-18 07:00:00,31.05,Cloudy
SENSOR_0001,2026-01-05 14:00:00,79.35,Rainy
SENSOR_0041,2025-12-09 20:00:00,21.23,Cold
SENSOR_0030,2025-12-23 17:00:00,39.42,Cloudy
SENSOR_0020,2026-01-04 07:00:00,87.88,Cold
SENSOR_0025,2025-12-27 22:00:00,28.56,Hot
SENSOR_0005,2026-01-05 05:00:00,22.5,Rainy
SENSOR_0002,2025-12-10 01:00:00,31.81,Cold
SENSOR_0047,2025-12-28 23:00:00,17.79,Cloudy
SENSOR_0020,2025-12-22 15:00:00,56.87,Cloudy
SENSOR_0049,2025-12-17 13:00:00,81.63,Cloudy
SENSOR_0029,2026-01-01 09:00:00,92.31,Sunny
SENSOR_0034,2025-12-21 09:00:00,52.61,Hot
SENSOR_0019,2025-12-31 07:00:00,4.67,Hot
SENSOR_0013,2026-01-06 20:00:00,97.4,Hot
SENSOR_0020,2025-12-12 04:00:00,11.54,Cloudy
SENSOR_0011,2025-12-29 17:00:00,44.86,Rainy
SENSOR_0030,2026-01-07 21:00:00,91.91,Rainy
SENSOR_0013,2025-12-17 09:00:00,43.6,Cold
SENSOR_0001,2026-01-04 06:00:00,39.92,Rainy
SENSOR_0025,2025-12-24 15:00:00,,Hot
SENSOR_0050,2026-01-07 23:00:00,9.38,Rainy
SENSOR_0022,2026-01-04 14:00:00,51.43,Sunny
SENSOR_0029,2025-12-29 23:00:00,14.54,Cold
SENSOR_0044,2025-12-14 21:00:00,68.07,Hot
SENSOR_0004,2026-01-03 02:00:00,,Hot
SENSOR_0044,2025-12-11 08:00:00,127.35,Rainy
SENSOR_0029,2025-12-23 22:00:00,18.42,Cold
SENSOR_0039,2026-01-04 13:00:00,90.96,Cold
SENSOR_0028,2025-12-19 22:00:00,8.89,Cold
SENSOR_0050,2025-12-15 00:00:00,47.92,Cold
SENSOR_0029,2025-12-13 14:00:00,,Hot
SENSOR_0028,2025-12-21 04:00:00,47.39,Cloudy
SENSOR_0050,2025-12-28 02:00:00,23.73,Cloudy
SENSOR_0003,2025-12-23 16:00:00,53.23,Cold
SENSOR_0041,2026-01-01 08:00:00,200.31,Cloudy
SENSOR_0012,2025-12-12 16:00:00,323.36,Hot
SENSOR_0020,2026-01-08 19:00:00,12.32,Hot
SENSOR_0021,2025-12-23 10:00:00,362.32,Cold
SENSOR_0018,2025-12-12 03:00:00,400.11,Hot
SENSOR_0028,2026-01-01 21:00:00,102.74,Hot
SENSOR_0036,2025-12-23 16:00:00,13.88,Hot
SENSOR_0048,2025-12-19 12:00:00,25.52,Cloudy
SENSOR_0039,2026-01-08 03:00:00,106.02,Hot
SENSOR_0030,2025-12-16 02:00:00,72.68,Sunny
SENSOR_0008,2025-12-15 17:00:00,,Rainy
SENSOR_0031,2025-12-13 17:00:00,55.75,Cold
SENSOR_0010,2025-12-30 09:00:00,44.41,Rainy
SENSOR_0040,2026-01-05 08:00:00,215.84,Cloudy
SENSOR_0024,2026-01-08 04:00:00,,Cloudy
SENSOR_0008,2026-01-06 03:00:00,35.14,Cloudy
SENSOR_0050,2025-12-27 20:00:00,38.9,Rainy
SENSOR_0018,2025-12-30 08:00:00,32.22,Cold
SENSOR_0029,2025-12-28 20:00:00,37.23,Cloudy
SENSOR_0002,2025-12-30 02:00:00,65.22,Rainy
SENSOR_0020,2025-12-31 16:00:00,47.85,Cloudy
SENSOR_0023,2026-01-01 02:00:00,40.21,Hot
SENSOR_0008,2025-12-14 18:00:00,36.33,Sunny
SENSOR_0043,2025-12-13 23:00:00,6.15,Cold
SENSOR_0039,2025-12-21 18:00:00,78.01,Cold
SENSOR_0013,2026-01-08 03:00:00,97.12,Sunny
SENSOR_0036,2025-12-26 13:00:00,98.87,Cloudy
SENSOR_0034,2026-01-02 23:00:00,68.13,Hot
SENSOR_0041,2025-12-22 01:00:00,297.36,Rainy
SENSOR_0028,2025-12-28 13:00:00,20.09,Cloudy
SENSOR_0020,2025-12-14 22:00:00,21.1,Rainy
SENSOR_0046,2025-12-29 04:00:00,91.38,Rainy
SENSOR_0045,2025-12-19 20:00:00,40.27,Sunny
SENSOR_0028,2025-12-22 22:00:00,79.3,Rainy
SENSOR_0005,2025-12-31 07:00:00,63.97,Rainy
SENSOR_0006,2025-12-18 14:00:00,39.43,Rainy
SENSOR_0029,2025-12-23 09:00:00,45.87,Cloudy
SENSOR_0017,2025-12-29 21:00:00,136.27,Rainy
SENSOR_0043,2025-12-29 07:00:00,5.4,Sunny
SENSOR_0027,2025-12-29 16:00:00,46.37,Rainy
SENSOR_0017,2025-12-17 07:00:00,,Cold
SENSOR_0019,2025-12-31 13:00:00,298.36,Cloudy
SENSOR_0014,2025-12-21 08:00:00,65.2,Hot
SENSOR_0006,2025-12-10 05:00:00,445.02,Hot
SENSOR_0027,2026-01-06 05:00:00,31.71,Cloudy
SENSOR_0047,2025-12-23 08:00:00,72.02,Hot
SENSOR_0044,2025-12-22 06:00:00,19.86,Rainy
SENSOR_0045,2025-12-30 00:00:00,44.52,Sunny
SENSOR_0045,2025-12-29 21:00:00,35.55,Hot
SENSOR_0032,2025-12-25 07:00:00,222.03,Cold
SENSOR_0044,2025-12-23 06:00:00,38.9,Sunny
SENSOR_0039,2026-01-06 20:00:00,3.6149852796583843,Cold
SENSOR_0023,2025-12-16 09:00:00,43.64,Cold
SENSOR_0008,2025-12-21 16:00:00,88.89,Cloudy
SENSOR_0029,2025-12-18 23:00:00,11.38,Cloudy
SENSOR_0027,2025-12-21 18:00:00,17.83,Cold
SENSOR_0006,2025-12-20 17:00:00,268.98,Rainy
SENSOR_0010,2025-12-24 10:00:00,299.71,Cold
SENSOR_0036,2025-12-15 19:00:00,68.17,Hot
SENSOR_0019,2025-12-29 00:00:00,97.33,Sunny
SENSOR_0021,2025-12-29 14:00:00,409.31,Sunny
SENSOR_0030,2025-12-10 14:00:00,12.53,Hot
SENSOR_0044,2025-12-23 20:00:00,77.76,Sunny
SENSOR_0028,2026-01-08 15:00:00,445.08,Sunny
SENSOR_0016,2025-12-14 14:00:00,31.5,Cold
SENSOR_0020,2025-12-22 23:00:00,68.21,Hot
SENSOR_0020,2025-12-11 14:00:00,21.43,Sunny
SENSOR_0024,2025-12-17 12:00:00,,Cloudy
SENSOR_0015,2025-12-29 20:00:00,233.5,Sunny
SENSOR_0041,2025-12-23 08:00:00,394.04,Cold
SENSOR_0044,2025-12-29 02:00:00,,Rainy
SENSOR_0049,2026-01-05 12:00:00,33.29,Cloudy
SENSOR_0005,2025-12-24 01:00:00,101.85,Rainy
SENSOR_0030,2026-01-07 08:00:00,5.5,Rainy
SENSOR_0005,2025-12-28 17:00:00,12.85,Hot
SENSOR_0046,2025-12-22 17:00:00,93.67,Hot
SENSOR_0025,2026-01-06 23:00:00,54.56,Cloudy
SENSOR_0011,2025-12-25 14:00:00,31.05,Sunny
SENSOR_0047,2025-12-24 03:00:00,58.14,Sunny
SENSOR_0026,2025-12-12 11:00:00,67.28,Hot
SENSOR_0029,2025-12-15 06:00:00,152.97,Cloudy
SENSOR_0006,2025-12-15 00:00:00,104.77,Sunny
SENSOR_0047,2025-12-13 15:00:00,34.09,Cloudy
SENSOR_0025,2025-12-26 10:00:00,65.65,Cloudy
SENSOR_0009,2025-12-27 17:00:00,37.9,Rainy
SENSOR_0002,2025-12-28 10:00:00,422.21,Hot
SENSOR_0039,2026-01-03 04:00:00,4.97,Hot
SENSOR_0042,2025-12-28 07:00:00,23.46,Rainy
SENSOR_0040,2025-12-17 22:00:00,8.84,Cold
SENSOR_0039,2026-01-01 19:00:00,16.9,Hot
SENSOR_0013,2025-12-17 06:00:00,,Cloudy
SENSOR_0010,2026-01-03 14:00:00,50.83,Sunny
SENSOR_0035,2026-01-04 18:00:00,58.87,Sunny
SENSOR_0007,2025-12-21 21:00:00,315.94,Cloudy
SENSOR_0016,2025-12-12 22:00:00,21.18,Hot
SENSOR_0023,2025-12-21 04:00:00,92.33,Cold
SENSOR_0002,2026-01-05 16:00:00,56.02,Rainy
SENSOR_0030,2025-12-27 07:00:00,75.84,Cold
SENSOR_0029,2025-12-23 21:00:00,430.32,Cloudy
SENSOR_0027,2025-12-10 14:00:00,31.309222712738027,Cloudy
SENSOR_0037,2026-01-06 14:00:00,31.4,Cloudy
SENSOR_0038,2026-01-01 03:00:00,21.89,Sunny
SENSOR_0031,2025-12-22 07:00:00,18.02,Hot
SENSOR_0024,2025-12-18 22:00:00,4.05,Cloudy
SENSOR_0042,2025-12-25 10:00:00,87.68,Cold
SENSOR_0004,2025-12-24 14:00:00,280.12,Cloudy
SENSOR_0022,2026-01-01 12:00:00,5.43,Sunny
SENSOR_0006,2025-12-19 08:00:00,178.3,Sunny
SENSOR_0037,2025-12-28 13:00:00,277.11,Cloudy
SENSOR_0034,2025-12-26 19:00:00,17.31,Sunny
SENSOR_0045,2025-12-29 20:00:00,31.58,Sunny
SENSOR_0008,2026-01-07 13:00:00,271.97,Cold
SENSOR_0038,2025-12-16 09:00:00,20.07,Rainy
SENSOR_0008,2025-12-25 16:00:00,118.96,Cold
SENSOR_0025,2025-12-23 09:00:00,2.91,Rainy
SENSOR_0008,2025-12-23 09:00:00,18.68,Hot
SENSOR_0024,2026-01-07 05:00:00,38.54,Cloudy
SENSOR_0021,2026-01-02 02:00:00,69.39,Cloudy
SENSOR_0023,2025-12-20 16:00:00,12.97,Hot
SENSOR_0038,2025-12-20 05:00:00,48.54,Hot
SENSOR_0047,2025-12-11 19:00:00,40.41,Hot
SENSOR_0020,2025-12-18 01:00:00,115.01,Cloudy
SENSOR_0047,2025-12-20 10:00:00,204.53,Cold
SENSOR_0041,2025-12-12 01:00:00,26.75,Sunny
SENSOR_0021,2025-12-23 21:00:00,46.39,Cold
SENSOR_0027,2025-12-26 15:00:00,19.4,Sunny
SENSOR_0026,2025-12-21 07:00:00,193.92,Sunny
SENSOR_0019,2025-12-20 21:00:00,28.31,Rainy
SENSOR_0004,2025-12-26 01:00:00,42.14,Cold
SENSOR_0050,2025-12-12 05:00:00,2.19,Sunny
SENSOR_0004,2025-12-24 23:00:00,30.15,Cold
SENSOR_0013,2025-12-10 14:00:00,41.47,Sunny
SENSOR_0018,2026-01-01 14:00:00,13.8,Cold
SENSOR_0043,2025-12-31 08:00:00,18.16,Cloudy
SENSOR_0001,2026-01-05 23:00:00,88.01,Hot
SENSOR_0029,2025-12-13 18:00:00,,Rainy
SENSOR_0021,2025-12-20 13:00:00,33.03,Cold
SENSOR_0019,2025-12-21 08:00:00,10.21,Rainy
SENSOR_0042,2025-12-20 21:00:00,36.05,Rainy
SENSOR_0002,2025-12-14 04:00:00,17.65,Sunny
SENSOR_0020,2025-12-16 07:00:00,330.99,Cloudy
SENSOR_0022,2025-12-30 12:00:00,75.47,Hot
SENSOR_0002,2025-12-27 00:00:00,46.84,Cold
SENSOR_0003,2025-12-22 22:00:00,27.22,Cloudy
SENSOR_0008,2025-12-12 08:00:00,13.84,Sunny
SENSOR_0003,2025-12-09 19:00:00,446.42,Hot
SENSOR_0002,2026-01-05 14:00:00,32.2,Sunny
SENSOR_0021,2025-12-19 10:00:00,357.5352275645419,Sunny
SENSOR_0044,2025-12-14 23:00:00,68.75,Rainy
SENSOR_0002,2025-12-19 19:00:00,34.32,Sunny
SENSOR_0024,2025-12-21 08:00:00,12.37,Cold
SENSOR_0043,2025-12-29 02:00:00,302.24,Rainy
SENSOR_0018,2025-12-11 07:00:00,412.57,Sunny
SENSOR_0016,2026-01-08 12:00:00,468.5,Hot
SENSOR_0040,2025-12-10 21:00:00,67.57,Sunny
SENSOR_0017,2026-01-04 06:00:00,,Cold
SENSOR_0026,2025-12-31 08:00:00,20.17,Sunny
SENSOR_0037,2026-01-01 01:00:00,33.48,Hot
SENSOR_0044,2025-12-24 07:00:00,149.85,Sunny
SENSOR_0010,2025-12-25 03:00:00,36.86,Sunny
SENSOR_0018,2025-12-31 21:00:00,470.27,Cloudy
SENSOR_0034,2025-12-11 14:00:00,53.57,Hot
SENSOR_0041,2025-12-10 18:00:00,444.8,Sunny
SENSOR_0024,2025-12-27 13:00:00,240.96,Cold
SENSOR_0050,2025-12-17 08:00:00,90.81,Rainy
SENSOR_0049,2025-12-27 04:00:00,33.84,Hot
SENSOR_0022,2025-12-18 09:00:00,53.02,Cloudy
SENSOR_0023,2025-12-15 02:00:00,299.62,Rainy
SENSOR_0009,2025-12-10 23:00:00,345.71,Rainy
SENSOR_0027,2025-12-31 00:00:00,82.62,Cold
SENSOR_0009,2025-12-26 13:00:00,89.35,Hot
SENSOR_0020,2025-12-13 11:00:00,281.07,Hot
SENSOR_0014,2025-12-14 11:00:00,57.63,Sunny
SENSOR_0047,2025-12-30 04:00:00,70.16,Cloudy
SENSOR_0036,2025-12-11 15:00:00,30.89,Cold
SENSOR_0013,2025-12-18 16:00:00,54.43,Cloudy
SENSOR_0018,2025-12-28 01:00:00,0.98,Hot
SENSOR_0044,2025-12-19 07:00:00,115.91,Cold
SENSOR_0001,2025-12-25 20:00:00,56.71,Cold
SENSOR_0043,2026-01-03 17:00:00,104.47,Cloudy
SENSOR_0040,2025-12-12 16:00:00,63.77,Sunny
SENSOR_0020,2025-12-28 02:00:00,17.75,Cold
SENSOR_0034,2025-12-19 05:00:00,,Hot
SENSOR_0023,2025-12-11 18:00:00,38.42,Cloudy
SENSOR_0044,2026-01-07 18:00:00,33.22,Rainy
SENSOR_0018,2025-12-20 03:00:00,20.16,Cloudy
SENSOR_0026,2026-01-04 23:00:00,,Rainy
SENSOR_0035,2026-01-01 11:00:00,33.14,Sunny
SENSOR_0026,2025-12-22 08:00:00,33.11,Hot
SENSOR_0037,2025-12-27 12:00:00,47.68,Sunny
SENSOR_0001,2025-12-30 21:00:00,4.46,Cold
SENSOR_0028,2025-12-23 14:00:00,43.99,Cold
SENSOR_0035,2025-12-22 02:00:00,22.38,Sunny
SENSOR_0009,2025-12-25 08:00:00,39.49,Hot
SENSOR_0038,2025-12-18 17:00:00,79.18,Sunny
SENSOR_0045,2025-12-21 06:00:00,48.5,Cold
SENSOR_0003,2026-01-08 15:00:00,188.36,Sunny
SENSOR_0035,2025-12-29 22:00:00,5.05,Rainy
SENSOR_0023,2026-01-06 06:00:00,43.59,Cloudy
SENSOR_0036,2025-12-16 08:00:00,20.31,Sunny
SENSOR_0030,2025-12-22 06:00:00,38.43,Rainy
SENSOR_0043,2025-12-14 23:00:00,453.69,Cloudy
SENSOR_0012,2026-01-06 01:00:00,370.33,Hot
SENSOR_0005,2025-12-17 20:00:00,93.71,Sunny
SENSOR_0004,2025-12-18 03:00:00,35.79,Cold
SENSOR_0035,2026-01-08 12:00:00,12.91,Rainy
SENSOR_0003,2025-12-29 02:00:00,28.72,Rainy
SENSOR_0013,2025-12-22 05:00:00,97.55,Rainy
SENSOR_0025,2026-01-07 21:00:00,86.33,Cold
SENSOR_0006,2026-01-01 05:00:00,7.33,Sunny
SENSOR_0001,2025-12-09 23:00:00,,Cold
SENSOR_0030,2025-12-26 11:00:00,41.4,Rainy
SENSOR_0034,2025-12-16 14:00:00,12.1,Sunny
SENSOR_0003,2025-12-19 17:00:00,93.83,Cloudy
SENSOR_0046,2025-12-30 12:00:00,92.52,Cloudy
SENSOR_0012,2026-01-01 12:00:00,82.36,Cloudy
SENSOR_0043,2025-12-28 22:00:00,434.96,Sunny
SENSOR_0008,2025-12-10 16:00:00,43.56,Cold
SENSOR_0011,2025-12-11 20:00:00,61.93,Cold
SENSOR_0038,2025-12-18 17:00:00,4.85,Cloudy
SENSOR_0037,2025-12-27 16:00:00,61.88,Cloudy
SENSOR_0040,2025-12-31 06:00:00,17.38,Cloudy
SENSOR_0013,2025-12-20 01:00:00,60.4,Hot
SENSOR_0028,2025-12-29 15:00:00,40.03,Sunny
SENSOR_0049,2025-12-30 20:00:00,418.74,Cloudy
SENSOR_0041,2025-12-14 03:00:00,,Hot
SENSOR_0034,2025-12-31 01:00:00,62.7,Cold
SENSOR_0047,2025-12-22 07:00:00,115.0,Rainy
SENSOR_0003,2025-12-30 00:00:00,44.8,Hot
SENSOR_0028,2025-12-30 13:00:00,91.47,Hot
SENSOR_0022,2026-01-02 20:00:00,21.16,Cloudy
SENSOR_0009,2025-12-12 23:00:00,226.87,Sunny
SENSOR_0014,2025-12-23 21:00:00,36.73,Cloudy
SENSOR_0016,2026-01-01 23:00:00,36.38,Hot
SENSOR_0028,2025-12-23 10:00:00,10.0,Hot
SENSOR_0034,2025-12-13 06:00:00,393.86,Rainy
SENSOR_0037,2025-12-16 22:00:00,7.54,Cold
SENSOR_0031,2025-12-14 02:00:00,78.36,Cold
SENSOR_0050,2026-01-06 11:00:00,,Cloudy
SENSOR_0003,2025-12-27 11:00:00,37.65,Rainy
SENSOR_0034,2026-01-02 05:00:00,53.66,Hot
SENSOR_0010,2025-12-25 03:00:00,119.52,Hot
SENSOR_0045,2025-12-26 12:00:00,302.1,Cloudy
SENSOR_0048,2025-12-12 12:00:00,94.71,Sunny
SENSOR_0014,2025-12-20 05:00:00,230.28,Sunny
SENSOR_0005,2025-12-27 11:00:00,82.95,Cold
SENSOR_0023,2025-12-12 11:00:00,117.22,Rainy
SENSOR_0032,2025-12-27 13:00:00,102.24,Sunny
SENSOR_0027,2025-12-31 22:00:00,24.49,Sunny
SENSOR_0009,2025-12-12 04:00:00,289.47,Cold
SENSOR_0019,2025-12-17 09:00:00,456.63,Rainy
SENSOR_0015,2025-12-28 01:00:00,436.14,Rainy
SENSOR_0046,2025-12-19 02:00:00,341.49,Sunny
SENSOR_0035,2025-12-12 17:00:00,37.17,Cold
SENSOR_0023,2026-01-07 04:00:00,16.02,Cold
SENSOR_0012,2026-01-01 16:00:00,235.49,Hot
SENSOR_0001,2025-12-23 14:00:00,16.06,Sunny
SENSOR_0041,2025-12-26 21:00:00,44.22,Rainy
SENSOR_0015,2025-12-25 17:00:00,57.35,Sunny
SENSOR_0012,2025-12-20 23:00:00,216.88106914754752,Sunny
SENSOR_0016,2025-12-16 04:00:00,87.4,Cloudy
SENSOR_0026,2026-01-06 20:00:00,91.2,Hot
SENSOR_0033,2025-12-30 07:00:00,,Cloudy
SENSOR_0024,2025-12-25 11:00:00,222.89,Cloudy
SENSOR_0049,2025-12-11 13:00:00,64.84,Sunny
SENSOR_0014,2025-12-25 22:00:00,,Cloudy
SENSOR_0008,2025-12-15 01:00:00,20.39,Rainy
SENSOR_0013,2026-01-06 13:00:00,177.26,Cloudy
SENSOR_0012,2025-12-25 08:00:00,17.01,Cold
SENSOR_0002,2025-12-24 16:00:00,57.28,Hot
SENSOR_0003,2026-01-07 17:00:00,27.93,Sunny
SENSOR_0022,2025-12-12 22:00:00,51.02,Rainy
SENSOR_0006,2026-01-01 01:00:00,95.02,Cold
SENSOR_0008,2025-12-25 20:00:00,84.44,Sunny
SENSOR_0019,2025-12-12 07:00:00,252.43,Cloudy
SENSOR_0003,2025-12-23 14:00:00,17.59,Cold
SENSOR_0049,2026-01-07 11:00:00,39.31,Hot
SENSOR_0024,2026-01-02 03:00:00,17.2,Sunny
SENSOR_0047,2026-01-03 17:00:00,79.03,Cold
SENSOR_0039,2026-01-05 11:00:00,70.8,Cold
SENSOR_0010,2025-12-31 10:00:00,40.32,Hot
SENSOR_0010,2025-12-19 05:00:00,81.44,Rainy
SENSOR_0019,2025-12-30 10:00:00,38.55,Rainy
SENSOR_0038,2026-01-06 23:00:00,92.08,Hot
SENSOR_0007,2026-01-06 04:00:00,81.65,Cold
SENSOR_0034,2025-12-27 21:00:00,21.01,Cloudy
SENSOR_0013,2025-12-21 10:00:00,24.22,Rainy
SENSOR_0029,2025-12-15 17:00:00,408.14,Sunny
SENSOR_0037,2025-12-21 06:00:00,31.44,Rainy
SENSOR_0041,2025-12-19 11:00:00,,Sunny
SENSOR_0008,2026-01-07 10:00:00,,Cold
SENSOR_0046,2026-01-04 23:00:00,41.03,Rainy
SENSOR_0041,2025-12-29 17:00:00,38.6,Hot
SENSOR_0026,2026-01-03 07:00:00,82.93,Cloudy
SENSOR_0039,2025-12-19 21:00:00,27.33,Rainy
SENSOR_0012,2025-12-25 13:00:00,19.36,Sunny
SENSOR_0023,2025-12-26 02:00:00,21.9,Hot
SENSOR_0038,2025-12-14 07:00:00,40.10980034878517,Rainy
SENSOR_0033,2025-12-26 12:00:00,20.92,Cold
SENSOR_0021,2025-12-24 01:00:00,439.16,Sunny
SENSOR_0019,2025-12-12 00:00:00,56.15,Cloudy
SENSOR_0007,2025-12-19 04:00:00,26.89,Cold
SENSOR_0004,2025-12-11 02:00:00,,Cloudy
SENSOR_0023,2025-12-14 17:00:00,47.22,Hot
SENSOR_0038,2025-12-21 18:00:00,21.61,Sunny
SENSOR_0026,2025-12-24 05:00:00,105.8,Sunny
SENSOR_0014,2026-01-03 11:00:00,14.86,Hot
SENSOR_0018,2025-12-15 03:00:00,81.22,Sunny
SENSOR_0022,2026-01-08 06:00:00,20.46,Rainy
SENSOR_0008,2025-12-25 11:00:00,38.32,Rainy
SENSOR_0021,2026-01-08 12:00:00,106.35,Cloudy
SENSOR_0022,2025-12-18 06:00:00,84.86,Rainy
SENSOR_0028,2026-01-04 13:00:00,35.69,Hot
SENSOR_0024,2025-12-20 18:00:00,,Cloudy
SENSOR_0006,2026-01-03 17:00:00,74.55498000901922,Hot
SENSOR_0002,2025-12-14 12:00:00,32.01,Cold
SENSOR_0032,2025-12-24 14:00:00,85.02,Rainy
SENSOR_0017,2025-12-22 15:00:00,42.29,Cold
SENSOR_0035,2025-12-27 14:00:00,68.52,Cloudy
SENSOR_0023,2026-01-02 22:00:00,207.88,Rainy
SENSOR_0026,2026-01-01 21:00:00,25.03,Rainy
SENSOR_0019,2025-12-21 19:00:00,59.64,Rainy
SENSOR_0012,2026-01-06 10:00:00,47.39,Cold
SENSOR_0035,2025-12-17 04:00:00,98.76,Rainy
SENSOR_0006,2025-12-21 22:00:00,8.32,Hot
SENSOR_0035,2025-12-17 00:00:00,47.52,Cold
SENSOR_0011,2026-01-02 11:00:00,,Cloudy
SENSOR_0004,2025-12-26 00:00:00,57.35,Cloudy
SENSOR_0043,2025-12-14 03:00:00,78.76,Hot
SENSOR_0031,2025-12-25 21:00:00,72.21,Sunny
SENSOR_0006,2025-12-19 23:00:00,0.9,Cloudy
SENSOR_0042,2026-01-01 02:00:00,16.28,Rainy
SENSOR_0033,2025-12-20 03:00:00,43.43,Sunny
SENSOR_0026,2025-12-29 06:00:00,144.46049578438917,Hot
SENSOR_0046,2026-01-05 00:00:00,103.62,Sunny
SENSOR_0039,2025-12-23 20:00:00,30.71,Hot
SENSOR_0043,2025-12-18 21:00:00,212.7306503553788,Rainy
SENSOR_0047,2026-01-01 00:00:00,460.0,Cloudy
SENSOR_0031,2025-12-12 09:00:00,28.25,Hot
SENSOR_0042,2025-12-11 00:00:00,1.68,Sunny
SENSOR_0035,2025-12-12 18:00:00,175.82,Cloudy
SENSOR_0023,2025-12-25 10:00:00,220.3,Sunny
SENSOR_0030,2025-12-14 12:00:00,12.68,Sunny
SENSOR_0014,2026-01-02 13:00:00,21.25,Cold
SENSOR_0005,2025-12-20 07:00:00,177.77,Rainy
SENSOR_0042,2025-12-13 18:00:00,28.25,Cold
SENSOR_0049,2025-12-22 06:00:00,61.87,Hot
SENSOR_0048,2025-12-13 09:00:00,12.86,Rainy
SENSOR_0028,2026-01-01 13:00:00,28.21,Hot
SENSOR_0028,2025-12-20 10:00:00,39.7,Rainy
SENSOR_0036,2025-12-13 21:00:00,53.13,Cloudy
SENSOR_0002,2025-12-11 17:00:00,106.4,Rainy
SENSOR_0004,2025-12-27 06:00:00,78.27,Rainy
SENSOR_0008,2025-12-13 18:00:00,,Sunny
SENSOR_0047,2025-12-22 01:00:00,8.66,Hot
SENSOR_0018,2026-01-04 02:00:00,51.42,Sunny
SENSOR_0006,2025-12-16 04:00:00,280.55,Cloudy
SENSOR_0027,2025-12-23 09:00:00,450.18,Cloudy
SENSOR_0029,2025-12-16 01:00:00,85.88,Sunny
SENSOR_0027,2025-12-16 20:00:00,33.08,Hot
SENSOR_0009,2026-01-02 02:00:00,108.84,Hot
SENSOR_0043,2025-12-21 07:00:00,98.88,Cloudy
SENSOR_0041,2026-01-08 03:00:00,92.51,Cloudy
SENSOR_0013,2026-01-04 06:00:00,106.51,Cloudy
SENSOR_0002,2025-12-26 10:00:00,91.98,Cold
SENSOR_0027,2025-12-31 05:00:00,106.87,Hot
SENSOR_0020,2026-01-01 01:00:00,35.31,Rainy
SENSOR_0012,2025-12-16 14:00:00,1.89,Cold
SENSOR_0018,2025-12-26 17:00:00,25.24,Sunny
SENSOR_0001,2025-12-18 04:00:00,212.51,Hot
SENSOR_0005,2025-12-22 13:00:00,90.22,Cloudy
SENSOR_0038,2025-12-12 15:00:00,10.76,Sunny
SENSOR_0042,2026-01-06 20:00:00,90.22,Cloudy
SENSOR_0006,2026-01-03 23:00:00,75.85,Cloudy
SENSOR_0008,2025-12-29 22:00:00,49.5,Cloudy
SENSOR_0025,2025-12-11 04:00:00,14.06,Hot
SENSOR_0027,2025-12-14 03:00:00,89.75,Hot
SENSOR_0023,2026-01-07 02:00:00,374.34,Hot
SENSOR_0042,2025-12-30 08:00:00,46.28,Hot
SENSOR_0021,2025-12-16 13:00:00,7.39,Cloudy
SENSOR_0040,2025-12-17 05:00:00,111.8,Hot
SENSOR_0017,2026-01-02 07:00:00,74.64,Sunny
SENSOR_0029,2025-12-24 13:00:00,151.32,Cold
SENSOR_0044,2025-12-27 21:00:00,106.41076167649348,Cold
SENSOR_0029,2025-12-31 07:00:00,190.48,Rainy
SENSOR_0013,2025-12-23 23:00:00,7.52,Hot
SENSOR_0045,2025-12-27 10:00:00,242.73,Hot
SENSOR_0012,2025-12-27 18:00:00,178.43,Sunny
SENSOR_0011,2026-01-02 00:00:00,153.52,Cloudy
SENSOR_0024,2025-12-17 00:00:00,47.51,Sunny
SENSOR_0018,2025-12-29 21:00:00,39.85,Cloudy
SENSOR_0026,2025-12-20 14:00:00,38.58,Sunny
SENSOR_0039,2025-12-26 15:00:00,88.23,Hot
SENSOR_0014,2025-12-19 06:00:00,52.19948400078255,Sunny
SENSOR_0035,2025-12-19 00:00:00,64.36,Hot
SENSOR_0017,2025-12-24 06:00:00,45.23,Cold
SENSOR_0022,2025-12-27 17:00:00,18.92,Hot
SENSOR_0042,2025-12-20 07:00:00,2.65,Cold
SENSOR_0005,2025-12-14 00:00:00,283.74,Rainy
SENSOR_0018,2025-12-18 00:00:00,35.83,Sunny
SENSOR_0040,2025-12-14 07:00:00,87.87,Hot
SENSOR_0013,2025-12-27 00:00:00,80.83,Hot
SENSOR_0004,2026-01-05 05:00:00,29.9,Sunny
SENSOR_0028,2025-12-30 04:00:00,30.05,Hot
SENSOR_0045,2026-01-02 14:00:00,79.67,Rainy
SENSOR_0008,2025-12-25 02:00:00,32.85,Sunny
SENSOR_0023,2025-12-22 13:00:00,97.36,Cold
SENSOR_0001,2025-12-21 13:00:00,31.38,Sunny
SENSOR_0047,2025-12-10 03:00:00,295.45,Cold
SENSOR_0024,2025-12-27 04:00:00,86.62,Sunny
SENSOR_0023,2026-01-01 07:00:00,31.14,Rainy
SENSOR_0030,2025-12-25 14:00:00,76.77,Sunny
SENSOR_0010,2025-12-15 09:00:00,59.4,Rainy
SENSOR_0021,2025-12-29 04:00:00,51.24,Cloudy
SENSOR_0036,2025-12-31 05:00:00,,Hot
SENSOR_0033,2025-12-22 15:00:00,466.95,Rainy
SENSOR_0039,2025-12-12 03:00:00,21.37,Hot
SENSOR_0043,2025-12-16 17:00:00,42.59,Rainy
SENSOR_0007,2025-12-28 17:00:00,256.43,Cloudy
SENSOR_0006,2025-12-10 09:00:00,97.49,Cloudy
SENSOR_0011,2025-12-30 03:00:00,41.93,Hot
SENSOR_0037,2025-12-29 16:00:00,43.62,Hot
SENSOR_0004,2025-12-31 12:00:00,81.86,Hot
SENSOR_0036,2025-12-19 00:00:00,103.27,Rainy
SENSOR_0050,2025-12-18 01:00:00,111.13,Cold
SENSOR_0036,2025-12-29 07:00:00,14.12,Sunny
SENSOR_0022,2026-01-07 21:00:00,27.83,Rainy
SENSOR_0025,2025-12-12 16:00:00,216.26,Cold
SENSOR_0037,2025-12-24 21:00:00,96.03,Rainy
SENSOR_0005,2026-01-05 02:00:00,17.16,Cloudy
SENSOR_0005,2025-12-20 16:00:00,35.62,Sunny
SENSOR_0002,2026-01-04 09:00:00,33.96,Hot
SENSOR_0011,2025-12-13 23:00:00,25.18,Cloudy
SENSOR_0015,2025-12-17 23:00:00,27.37,Rainy
SENSOR_0017,2025-12-22 20:00:00,97.51,Sunny
SENSOR_0039,2025-12-14 17:00:00,445.25,Cloudy
SENSOR_0033,2026-01-02 02:00:00,,Cloudy
SENSOR_0003,2025-12-14 02:00:00,27.69,Cloudy
SENSOR_0027,2025-12-10 19:00:00,18.01,Hot
SENSOR_0001,2025-12-25 22:00:00,135.31,Rainy
SENSOR_0037,2026-01-03 07:00:00,70.44,Sunny
SENSOR_0010,2025-12-31 13:00:00,257.97,Hot
SENSOR_0016,2025-12-11 19:00:00,29.9,Rainy
SENSOR_0027,2025-12-29 11:00:00,1.24,Cold
SENSOR_0023,2025-12-26 10:00:00,4.0,Cloudy
SENSOR_0030,2025-12-11 16:00:00,78.75,Hot
SENSOR_0015,2025-12-27 20:00:00,,Hot
SENSOR_0025,2025-12-13 08:00:00,7.9,Rainy
SENSOR_0040,2026-01-06 09:00:00,45.62,Hot
SENSOR_0020,2025-12-11 14:00:00,61.97,Rainy
SENSOR_0044,2025-12-21 04:00:00,26.98,Cold
SENSOR_0034,2025-12-21 16:00:00,7.99,Rainy
SENSOR_0048,2025-12-16 21:00:00,49.47,Rainy
SENSOR_0018,2025-12-19 19:00:00,37.36,Rainy
SENSOR_0014,2025-12-19 22:00:00,35.88,Sunny
SENSOR_0042,2026-01-01 22:00:00,47.64,Sunny
SENSOR_0028,2025-12-24 00:00:00,203.5,Cold
SENSOR_0016,2025-12-09 21:00:00,2.35,Rainy
SENSOR_0014,2026-01-03 14:00:00,111.14,Sunny
SENSOR_0042,2026-01-02 11:00:00,111.82,Hot
SENSOR_0039,2025-12-18 10:00:00,77.72,Cold
SENSOR_0036,2025-12-17 20:00:00,42.06,Hot
SENSOR_0002,2025-12-30 08:00:00,3.22,Rainy
SENSOR_0031,2025-12-14 15:00:00,31.26,Cold
SENSOR_0017,2025-12-29 15:00:00,69.87,Cloudy
SENSOR_0010,2025-12-29 08:00:00,182.16,Cold
SENSOR_0010,2025-12-22 18:00:00,40.31,Hot
SENSOR_0043,2025-12-24 23:00:00,18.12,Sunny
SENSOR_0038,2025-12-30 12:00:00,90.78,Hot
SENSOR_0011,2026-01-02 03:00:00,26.65,Hot
SENSOR_0015,2025-12-25 06:00:00,23.62,Cloudy
SENSOR_0044,2026-01-03 10:00:00,39.38,Cloudy
SENSOR_0001,2025-12-29 13:00:00,92.27,Cloudy
SENSOR_0045,2025-12-31 18:00:00,,Cloudy
SENSOR_0048,2025-12-13 01:00:00,160.63,Cold
SENSOR_0001,2025-12-24 01:00:00,44.97,Rainy
SENSOR_0036,2026-01-03 11:00:00,467.41,Rainy
SENSOR_0023,2025-12-13 18:00:00,87.68,Cloudy
SENSOR_0020,2025-12-11 01:00:00,74.05,Cold
SENSOR_0024,2026-01-04 20:00:00,49.31,Sunny
SENSOR_0035,2025-12-29 06:00:00,88.56,Cold
SENSOR_0048,2025-12-22 00:00:00,477.59,Sunny
SENSOR_0013,2025-12-14 03:00:00,82.67,Cold
SENSOR_0026,2026-01-05 02:00:00,25.74,Rainy
SENSOR_0039,2025-12-24 06:00:00,18.87,Rainy
SENSOR_0047,2025-12-23 23:00:00,94.49,Cloudy
SENSOR_0037,2025-12-30 11:00:00,19.09,Rainy
SENSOR_0046,2025-12-25 17:00:00,314.24,Hot
SENSOR_0010,2025-12-09 22:00:00,66.94,Rainy
SENSOR_0016,2026-01-05 00:00:00,388.65,Cloudy
SENSOR_0012,2025-12-27 17:00:00,94.67,Cold
SENSOR_0023,2025-12-20 06:00:00,6.53,Hot
SENSOR_0038,2026-01-05 19:00:00,305.12,Hot
SENSOR_0049,2026-01-08 13:00:00,110.26,Hot
SENSOR_0019,2025-12-25 20:00:00,89.56,Rainy
SENSOR_0033,2026-01-06 09:00:00,60.03,Cold
SENSOR_0043,2025-12-23 16:00:00,66.06,Rainy
SENSOR_0020,2025-12-14 23:00:00,37.2,Cloudy
SENSOR_0044,2026-01-02 23:00:00,462.85,Cloudy
SENSOR_0048,2025-12-14 01:00:00,2.32,Hot
SENSOR_0046,2025-12-16 19:00:00,239.71,Cold
SENSOR_0034,2025-12-16 15:00:00,21.87,Sunny
SENSOR_0026,2025-12-11 07:00:00,60.36,Cloudy
SENSOR_0006,2025-12-28 09:00:00,35.3,Rainy
SENSOR_0025,2025-12-31 13:00:00,285.31,Rainy
SENSOR_0002,2026-01-07 13:00:00,229.72,Cloudy
SENSOR_0033,2025-12-17 03:00:00,69.35,Hot
SENSOR_0045,2025-12-13 09:00:00,118.24,Cloudy
SENSOR_0037,2026-01-06 21:00:00,84.18,Hot
SENSOR_0031,2025-12-12 01:00:00,51.37,Cold
SENSOR_0033,2025-12-15 02:00:00,34.41,Rainy
SENSOR_0036,2025-12-12 10:00:00,,Hot
SENSOR_0040,2025-12-22 15:00:00,51.35,Cloudy
SENSOR_0007,2026-01-08 13:00:00,26.65,Hot
SENSOR_0037,2025-12-09 23:00:00,89.77,Cold
SENSOR_0022,2025-12-17 07:00:00,62.7,Hot
SENSOR_0002,2025-12-18 05:00:00,101.67,Cloudy
SENSOR_0035,2026-01-01 05:00:00,13.7,Cloudy
SENSOR_0047,2025-12-27 23:00:00,419.26,Rainy
SENSOR_0038,2026-01-05 14:00:00,42.9,Sunny
SENSOR_0043,2025-12-26 07:00:00,44.7,Cloudy
SENSOR_0034,2025-12-26 22:00:00,29.34,Rainy
SENSOR_0015,2026-01-08 06:00:00,39.36,Sunny
SENSOR_0012,2025-12-11 03:00:00,28.21,Rainy
SENSOR_0007,2025-12-31 02:00:00,24.36,Sunny
SENSOR_0023,2025-12-25 02:00:00,44.19,Hot
SENSOR_0032,2025-12-22 23:00:00,,Sunny
SENSOR_0008,2026-01-05 14:00:00,33.66,Cold
SENSOR_0016,2025-12-16 14:00:00,119.08,Hot
SENSOR_0005,2026-01-04 22:00:00,79.82,Rainy
SENSOR_0003,2025-12-15 19:00:00,65.25,Rainy
SENSOR_0049,2025-12-13 13:00:00,20.54,Hot
SENSOR_0023,2026-01-08 16:00:00,56.06,Cold
SENSOR_0049,2026-01-08 04:00:00,290.65,Cold
SENSOR_0031,2026-01-03 14:00:00,41.92,Rainy
SENSOR_0037,2025-12-26 11:00:00,0.49,Hot
SENSOR_0039,2025-12-26 13:00:00,261.02,Rainy
SENSOR_0046,2025-12-21 01:00:00,106.9,Hot
SENSOR_0002,2026-01-07 16:00:00,100.88,Rainy
SENSOR_0039,2025-12-17 08:00:00,423.28,Cold
SENSOR_0004,2025-12-17 23:00:00,63.82,Sunny
SENSOR_0031,2026-01-07 03:00:00,10.767097263838789,Cloudy
SENSOR_0034,2026-01-06 18:00:00,27.23,Cold
SENSOR_0032,2025-12-16 15:00:00,405.46,Sunny
SENSOR_0037,2026-01-06 13:00:00,27.29,Sunny
SENSOR_0050,2025-12-30 21:00:00,78.98,Rainy
SENSOR_0024,2025-12-29 07:00:00,16.48,Rainy
SENSOR_0013,2025-12-27 10:00:00,83.27,Hot
SENSOR_0009,2025-12-14 19:00:00,54.63,Sunny
SENSOR_0038,2025-12-27 09:00:00,113.08,Cloudy
SENSOR_0045,2025-12-11 12:00:00,33.66,Rainy
SENSOR_0029,2026-01-05 08:00:00,88.01,Rainy
SENSOR_0039,2025-12-14 20:00:00,73.26,Rainy
SENSOR_0050,2026-01-01 22:00:00,84.95,Hot
SENSOR_0003,2025-12-23 06:00:00,31.15,Rainy
SENSOR_0015,2026-01-08 08:00:00,19.5,Hot
SENSOR_0034,2025-12-14 20:00:00,99.8,Rainy
SENSOR_0001,2025-12-23 20:00:00,17.6,Sunny
SENSOR_0019,2025-12-31 14:00:00,19.91,Cloudy
SENSOR_0003,2025-12-26 22:00:00,481.48,Hot
SENSOR_0013,2025-12-25 18:00:00,31.96,Rainy
SENSOR_0005,2025-12-13 21:00:00,10.32,Sunny
SENSOR_0015,2025-12-11 18:00:00,2.61,Sunny
SENSOR_0015,2025-12-09 20:00:00,446.2,Cold
SENSOR_0010,2026-01-03 22:00:00,21.71,Cloudy
SENSOR_0050,2025-12-14 13:00:00,0.43,Sunny
SENSOR_0001,2025-12-22 21:00:00,425.6,Cloudy
SENSOR_0043,2025-12-26 02:00:00,61.7,Sunny
SENSOR_0009,2026-01-02 17:00:00,137.32518401399386,Rainy
SENSOR_0038,2025-12-28 14:00:00,117.48,Sunny
SENSOR_0029,2025-12-31 14:00:00,37.36,Rainy
SENSOR_0037,2026-01-02 16:00:00,113.95,Rainy
SENSOR_0005,2025-12-23 10:00:00,176.2,Sunny
SENSOR_0040,2025-12-16 00:00:00,,Sunny
SENSOR_0026,2026-01-06 01:00:00,34.25,Hot
SENSOR_0013,2026-01-05 15:00:00,232.68,Sunny
SENSOR_0036,2025-12-24 14:00:00,100.27,Rainy
SENSOR_0034,2025-12-18 17:00:00,23.82,Rainy
SENSOR_0008,2026-01-04 01:00:00,15.99,Sunny
SENSOR_0005,2025-12-16 04:00:00,18.81,Cold
SENSOR_0014,2025-12-27 19:00:00,42.15,Rainy
SENSOR_0038,2025-12-28 15:00:00,50.5,Rainy
SENSOR_0017,2025-12-14 15:00:00,73.6,Sunny
SENSOR_0006,2025-12-25 15:00:00,99.72,Sunny
SENSOR_0012,2025-12-31 04:00:00,188.04,Rainy
SENSOR_0005,2025-12-16 10:00:00,114.39,Rainy
SENSOR_0030,2025-12-27 08:00:00,14.05,Cloudy
SENSOR_0038,2025-12-15 19:00:00,43.05,Hot
SENSOR_0050,2025-12-12 06:00:00,294.16,Sunny
SENSOR_0029,2025-12-25 19:00:00,31.39,Hot
SENSOR_0010,2026-01-08 06:00:00,63.16,Sunny
SENSOR_0050,2026-01-05 08:00:00,30.78,Rainy
SENSOR_0005,2026-01-05 14:00:00,70.1,Rainy
SENSOR_0014,2025-12-19 23:00:00,8.57,Cloudy
SENSOR_0005,2025-12-28 03:00:00,121.73388822079423,Rainy
SENSOR_0049,2025-12-31 07:00:00,9.36,Cloudy
SENSOR_0025,2025-12-29 15:00:00,57.55,Hot
SENSOR_0030,2026-01-04 16:00:00,111.22,Rainy
SENSOR_0027,2026-01-04 22:00:00,18.19,Rainy
SENSOR_0044,2025-12-16 03:00:00,48.71,Hot
SENSOR_0020,2025-12-23 04:00:00,37.32,Sunny
SENSOR_0048,2025-12-14 04:00:00,34.07,Sunny
SENSOR_0013,2025-12-17 07:00:00,111.83,Sunny
SENSOR_0049,2025-12-16 09:00:00,213.2,Cold
SENSOR_0019,2026-01-01 04:00:00,93.72,Rainy
SENSOR_0044,2025-12-27 09:00:00,80.05,Hot
SENSOR_0019,2025-12-12 02:00:00,119.67,Cloudy
SENSOR_0044,2025-12-23 15:00:00,80.83,Cold
SENSOR_0039,2026-01-07 19:00:00,102.65,Cold
SENSOR_0013,2026-01-06 06:00:00,44.36,Sunny
SENSOR_0012,2025-12-26 01:00:00,273.6,Rainy
SENSOR_0042,2026-01-07 18:00:00,397.0,Sunny
SENSOR_0032,2025-12-27 07:00:00,80.4,Hot
SENSOR_0035,2025-12-18 09:00:00,34.66,Rainy
SENSOR_0037,2025-12-23 17:00:00,309.02,Rainy
SENSOR_0009,2025-12-14 10:00:00,52.62,Hot
SENSOR_0046,2026-01-07 02:00:00,90.42,Sunny
SENSOR_0004,2025-12-26 20:00:00,302.61,Cloudy
SENSOR_0010,2025-12-31 22:00:00,24.66,Cold
SENSOR_0048,2025-12-15 18:00:00,11.5,Cold
SENSOR_0003,2025-12-15 01:00:00,50.69,Cold
SENSOR_0023,2026-01-04 12:00:00,8.06,Rainy
SENSOR_0017,2025-12-13 15:00:00,111.63,Hot
SENSOR_0048,2025-12-28 15:00:00,90.323463773017,Cold
SENSOR_0011,2025-12-15 22:00:00,397.88,Sunny
SENSOR_0032,2025-12-18 18:00:00,47.75,Sunny
SENSOR_0006,2025-12-18 05:00:00,72.41,Cloudy
SENSOR_0006,2025-12-24 22:00:00,19.96,Rainy
SENSOR_0045,2025-12-14 16:00:00,62.24,Rainy
SENSOR_0013,2025-12-10 20:00:00,13.33,Sunny
SENSOR_0016,2025-12-24 10:00:00,20.37,Rainy
SENSOR_0005,2025-12-12 15:00:00,25.06,Hot
SENSOR_0036,2025-12-20 16:00:00,34.34,Cold
SENSOR_0039,2026-01-04 13:00:00,3.89,Sunny
SENSOR_0036,2025-12-26 17:00:00,76.97586966564695,Cloudy
SENSOR_0011,2025-12-17 02:00:00,315.84,Sunny
SENSOR_0001,2026-01-05 20:00:00,20.27,Hot
SENSOR_0044,2025-12-26 16:00:00,98.29,Hot
SENSOR_0017,2025-12-26 16:00:00,22.91,Hot
SENSOR_0048,2025-12-16 08:00:00,16.74,Cold
SENSOR_0013,2025-12-27 00:00:00,20.37,Cloudy
SENSOR_0029,2026-01-02 16:00:00,,Cloudy
SENSOR_0026,2025-12-19 00:00:00,21.62,Sunny
SENSOR_0005,2026-01-06 19:00:00,,Cold
SENSOR_0042,2025-12-10 22:00:00,25.69,Hot
SENSOR_0035,2026-01-06 10:00:00,321.13,Hot
SENSOR_0044,2025-12-26 22:00:00,60.467161248184986,Cloudy
SENSOR_0020,2026-01-08 14:00:00,284.21,Hot
SENSOR_0021,2025-12-10 19:00:00,78.65,Rainy
SENSOR_0035,2025-12-11 09:00:00,43.96,Hot
SENSOR_0011,2026-01-04 17:00:00,69.07,Hot
SENSOR_0038,2026-01-01 11:00:00,28.68,Hot
SENSOR_0030,2025-12-31 04:00:00,33.5,Cold
SENSOR_0031,2026-01-03 01:00:00,77.29780330065316,Rainy
SENSOR_0020,2025-12-14 22:00:00,235.33,Hot
SENSOR_0016,2025-12-14 13:00:00,1.23,Cloudy
SENSOR_0014,2025-12-18 02:00:00,197.24,Hot
SENSOR_0007,2025-12-13 21:00:00,50.98,Cold
SENSOR_0004,2025-12-17 04:00:00,0.74,Rainy
SENSOR_0028,2025-12-31 19:00:00,117.06,Cloudy
SENSOR_0041,2026-01-06 22:00:00,67.28,Cold
SENSOR_0044,2026-01-01 22:00:00,101.04,Sunny
SENSOR_0033,2026-01-08 09:00:00,81.26,Rainy
SENSOR_0004,2025-12-27 01:00:00,26.35,Cold
SENSOR_0003,2026-01-04 05:00:00,416.67,Cloudy
SENSOR_0018,2025-12-25 22:00:00,21.95,Rainy
SENSOR_0005,2026-01-08 10:00:00,116.57,Cloudy
SENSOR_0047,2025-12-27 18:00:00,69.22,Cloudy
SENSOR_0007,2025-12-21 04:00:00,2.41,Hot
SENSOR_0018,2025-12-31 10:00:00,24.42,Cloudy
SENSOR_0006,2025-12-20 18:00:00,471.17,Rainy
SENSOR_0036,2025-12-13 00:00:00,83.24,Cold
SENSOR_0039,2026-01-06 04:00:00,431.35,Hot
SENSOR_0048,2025-12-10 18:00:00,54.69,Hot
SENSOR_0035,2025-12-26 00:00:00,72.06,Hot
SENSOR_0047,2026-01-07 11:00:00,459.19,Cloudy
SENSOR_0014,2025-12-18 17:00:00,13.34,Cold
SENSOR_0040,2025-12-18 19:00:00,84.3,Rainy
SENSOR_0014,2025-12-17 11:00:00,4.36,Rainy
SENSOR_0001,2025-12-21 23:00:00,261.93,Hot
SENSOR_0014,2025-12-26 12:00:00,47.84,Rainy
SENSOR_0005,2026-01-05 06:00:00,356.52,Cloudy
SENSOR_0032,2025-12-20 03:00:00,82.24,Rainy
SENSOR_0028,2026-01-06 13:00:00,101.71,Sunny
SENSOR_0029,2025-12-23 04:00:00,93.95,Cloudy
SENSOR_0034,2025-12-27 23:00:00,31.15,Cold
SENSOR_0017,2026-01-07 07:00:00,84.08,Hot
SENSOR_0047,2025-12-17 19:00:00,403.42,Cold
SENSOR_0028,2025-12-12 22:00:00,1.75,Hot
SENSOR_0006,2025-12-16 20:00:00,108.71,Hot
SENSOR_0038,2025-12-30 05:00:00,91.83,Sunny
SENSOR_0013,2025-12-24 15:00:00,,Rainy
SENSOR_0032,2025-12-19 00:00:00,79.82,Rainy
SENSOR_0016,2025-12-20 00:00:00,14.73,Cloudy
SENSOR_0001,2026-01-08 07:00:00,41.82,Cloudy
SENSOR_0027,2025-12-24 07:00:00,19.72,Rainy
SENSOR_0029,2025-12-21 12:00:00,174.42,Rainy
SENSOR_0019,2026-01-01 18:00:00,35.1,Sunny
SENSOR_0031,2026-01-04 14:00:00,385.92,Rainy
SENSOR_0009,2025-12-20 13:00:00,1.04,Rainy
SENSOR_0039,2026-01-03 09:00:00,36.11,Rainy
SENSOR_0015,2025-12-23 11:00:00,110.41,Cold
SENSOR_0049,2025-12-16 04:00:00,19.35,Cold
SENSOR_0039,2026-01-08 13:00:00,113.96,Rainy
SENSOR_0037,2026-01-03 14:00:00,77.81,Cloudy
SENSOR_0012,2025-12-25 07:00:00,30.36,Rainy
SENSOR_0034,2025-12-31 19:00:00,41.46,Cold
SENSOR_0039,2025-12-17 22:00:00,162.48,Cold
SENSOR_0044,2026-01-06 09:00:00,130.45,Cold
SENSOR_0028,2025-12-27 03:00:00,44.37,Sunny
SENSOR_0040,2025-12-22 20:00:00,497.19,Hot
SENSOR_0045,2025-12-28 19:00:00,247.01,Sunny
SENSOR_0016,2026-01-04 20:00:00,35.83,Hot
SENSOR_0029,2025-12-11 14:00:00,241.34,Hot
SENSOR_0039,2025-12-30 01:00:00,17.0,Hot
SENSOR_0047,2026-01-03 02:00:00,12.67,Sunny
SENSOR_0005,2025-12-23 13:00:00,20.34,Cloudy
SENSOR_0008,2026-01-06 16:00:00,32.03,Rainy
SENSOR_0009,2025-12-20 05:00:00,89.42,Sunny
SENSOR_0003,2025-12-13 20:00:00,69.21426443349512,Cold
SENSOR_0044,2025-12-28 10:00:00,13.64,Sunny
SENSOR_0029,2025-12-24 22:00:00,119.4,Rainy
SENSOR_0021,2025-12-29 20:00:00,73.38,Sunny
SENSOR_0008,2025-12-27 20:00:00,40.67,Hot
SENSOR_0029,2025-12-25 23:00:00,194.23,Cold
SENSOR_0027,2025-12-10 18:00:00,12.18,Cold
SENSOR_0046,2026-01-02 21:00:00,,Sunny
SENSOR_0017,2025-12-24 07:00:00,111.19,Sunny
SENSOR_0040,2025-12-29 20:00:00,81.45,Hot
SENSOR_0001,2025-12-30 20:00:00,332.7,Sunny
SENSOR_0034,2026-01-07 23:00:00,118.13,Rainy
SENSOR_0015,2026-01-07 19:00:00,0.95,Sunny
SENSOR_0024,2026-01-01 21:00:00,50.53,Cold
SENSOR_0011,2025-12-14 06:00:00,51.22,Cloudy
SENSOR_0029,2025-12-17 22:00:00,71.27,Cold
SENSOR_0042,2026-01-08 08:00:00,296.7,Cloudy
SENSOR_0041,2025-12-16 06:00:00,18.87,Hot
SENSOR_0046,2026-01-06 00:00:00,73.08,Sunny
SENSOR_0041,2025-12-10 22:00:00,14.24,Rainy
SENSOR_0029,2026-01-03 07:00:00,380.04,Rainy
SENSOR_0015,2026-01-07 14:00:00,,Hot
SENSOR_0021,2025-12-21 18:00:00,16.12,Cloudy
SENSOR_0003,2025-12-10 17:00:00,74.64,Sunny
SENSOR_0028,2025-12-17 14:00:00,40.59,Rainy
SENSOR_0018,2025-12-21 17:00:00,30.07,Sunny
SENSOR_0012,2026-01-01 16:00:00,71.78,Rainy
SENSOR_0041,2025-12-13 12:00:00,39.71,Cold
SENSOR_0042,2025-12-19 11:00:00,190.57,Hot
SENSOR_0033,2026-01-06 02:00:00,65.05,Sunny
SENSOR_0002,2026-01-01 13:00:00,88.6,Cloudy
SENSOR_0033,2026-01-05 14:00:00,38.82,Rainy
SENSOR_0027,2026-01-01 03:00:00,84.45,Cloudy
SENSOR_0008,2026-01-06 06:00:00,440.03,Cloudy
SENSOR_0016,2025-12-18 02:00:00,20.08,Cold
SENSOR_0020,2025-12-21 16:00:00,443.37,Rainy
SENSOR_0011,2025-12-13 17:00:00,44.34,Cloudy
SENSOR_0018,2026-01-02 06:00:00,0.35,Rainy
SENSOR_0020,2025-12-11 23:00:00,17.6,Sunny
SENSOR_0034,2026-01-08 11:00:00,89.24,Cold
SENSOR_0003,2025-12-13 17:00:00,63.22,Cloudy
SENSOR_0044,2026-01-02 08:00:00,292.17,Rainy
SENSOR_0017,2025-12-18 12:00:00,3.97,Cold
SENSOR_0009,2025-12-28 22:00:00,100.29,Cold
SENSOR_0017,2025-12-26 02:00:00,254.21,Cloudy
SENSOR_0006,2025-12-22 20:00:00,1.78,Rainy
SENSOR_0017,2025-12-27 12:00:00,6.38,Cold
SENSOR_0039,2025-12-24 04:00:00,116.54,Cloudy
SENSOR_0049,2025-12-31 22:00:00,13.97,Sunny
SENSOR_0039,2026-01-05 13:00:00,68.4,Cold
SENSOR_0028,2026-01-01 21:00:00,37.82,Sunny
SENSOR_0032,2025-12-30 10:00:00,32.32,Sunny
SENSOR_0044,2025-12-29 10:00:00,29.8,Cloudy
SENSOR_0027,2025-12-28 23:00:00,270.6,Sunny
SENSOR_0049,2025-12-12 06:00:00,359.47,Cloudy
SENSOR_0006,2025-12-19 18:00:00,298.65,Rainy
SENSOR_0037,2025-12-31 08:00:00,10.81,Sunny
SENSOR_0028,2025-12-15 21:00:00,419.27,Sunny
SENSOR_0002,2025-12-23 04:00:00,26.69,Rainy
SENSOR_0036,2025-12-24 20:00:00,16.56,Hot
SENSOR_0028,2026-01-04 20:00:00,79.77,Sunny
SENSOR_0047,2025-12-22 06:00:00,254.17,Cold
SENSOR_0032,2025-12-28 22:00:00,8.64,Cold
SENSOR_0026,2026-01-01 18:00:00,24.98,Cold
SENSOR_0036,2025-12-11 21:00:00,0.11,Cold
SENSOR_0026,2025-12-12 07:00:00,,Sunny
SENSOR_0047,2026-01-06 06:00:00,236.43,Cloudy
SENSOR_0023,2026-01-03 04:00:00,89.8,Cloudy
SENSOR_0007,2025-12-17 04:00:00,31.42,Rainy
SENSOR_0003,2025-12-21 22:00:00,18.99,Rainy
SENSOR_0026,2025-12-17 15:00:00,63.05,Cloudy
SENSOR_0049,2025-12-16 18:00:00,84.41,Sunny
SENSOR_0034,2025-12-25 10:00:00,110.22,Rainy
SENSOR_0013,2025-12-11 03:00:00,36.46,Hot
SENSOR_0048,2026-01-03 20:00:00,41.7,Sunny
SENSOR_0004,2026-01-02 01:00:00,97.1,Cloudy
SENSOR_0028,2026-01-06 16:00:00,78.65,Cold
SENSOR_0048,2025-12-22 17:00:00,14.6,Rainy
SENSOR_0001,2025-12-26 19:00:00,67.36,Hot
SENSOR_0031,2025-12-19 15:00:00,46.99,Rainy
SENSOR_0018,2025-12-15 13:00:00,22.32,Rainy
SENSOR_0028,2025-12-13 19:00:00,3.01,Rainy
SENSOR_0003,2025-12-16 15:00:00,58.1,Hot
SENSOR_0017,2025-12-30 09:00:00,,Sunny
SENSOR_0047,2025-12-25 04:00:00,36.86,Rainy
SENSOR_0040,2025-12-31 12:00:00,365.21,Cold
SENSOR_0040,2025-12-23 13:00:00,82.5,Rainy
SENSOR_0004,2025-12-25 05:00:00,28.71,Rainy
SENSOR_0009,2025-12-29 14:00:00,29.68,Sunny
SENSOR_0013,2025-12-30 06:00:00,350.88,Sunny
SENSOR_0023,2025-12-17 22:00:00,277.32,Rainy
SENSOR_0030,2025-12-25 21:00:00,45.371242453591286,Cold
SENSOR_0004,2025-12-13 12:00:00,41.246717729993215,Rainy
SENSOR_0004,2025-12-24 19:00:00,104.02,Sunny
SENSOR_0011,2025-12-26 16:00:00,114.92,Cold
SENSOR_0020,2025-12-10 04:00:00,25.0080356471736,Hot
SENSOR_0013,2025-12-17 15:00:00,102.01,Sunny
SENSOR_0046,2025-12-12 18:00:00,33.19,Sunny
SENSOR_0046,2025-12-14 06:00:00,105.78,Hot
SENSOR_0024,2025-12-12 05:00:00,5.17,Cold
SENSOR_0046,2025-12-31 09:00:00,13.0,Cloudy
SENSOR_0049,2025-12-29 18:00:00,76.61,Sunny
SENSOR_0043,2026-01-07 15:00:00,40.09,Hot
SENSOR_0028,2025-12-20 21:00:00,47.63,Hot
SENSOR_0027,2025-12-25 14:00:00,70.44,Sunny
SENSOR_0001,2026-01-04 17:00:00,139.24,Rainy
SENSOR_0009,2025-12-19 21:00:00,119.4,Hot
SENSOR_0026,2025-12-24 10:00:00,1.61,Sunny
SENSOR_0016,2026-01-06 05:00:00,42.21,Cloudy
SENSOR_0002,2026-01-02 22:00:00,196.61,Sunny
SENSOR_0009,2026-01-01 02:00:00,274.75,Rainy
SENSOR_0013,2025-12-12 23:00:00,71.92,Rainy
SENSOR_0038,2025-12-20 20:00:00,4.11,Cloudy
SENSOR_0033,2025-12-21 01:00:00,34.27,Rainy
SENSOR_0008,2025-12-28 15:00:00,26.19,Rainy
SENSOR_0017,2026-01-03 22:00:00,58.67,Hot
SENSOR_0030,2025-12-30 07:00:00,32.19,Cloudy
SENSOR_0007,2026-01-02 08:00:00,273.02,Cold
SENSOR_0025,2025-12-12 19:00:00,83.51,Hot
SENSOR_0016,2025-12-27 19:00:00,65.43,Cold
SENSOR_0023,2025-12-19 12:00:00,43.31,Cold
SENSOR_0005,2025-12-19 09:00:00,9.28,Sunny
SENSOR_0047,2025-12-17 02:00:00,24.83,Cloudy
SENSOR_0046,2025-12-12 22:00:00,80.23,Sunny
SENSOR_0020,2025-12-30 09:00:00,29.35,Cold
SENSOR_0048,2025-12-31 19:00:00,63.95,Hot
SENSOR_0020,2025-12-24 08:00:00,288.36,Sunny
SENSOR_0040,2025-12-28 20:00:00,127.2643120451074,Hot
SENSOR_0035,2025-12-20 03:00:00,19.24,Sunny
SENSOR_0007,2026-01-07 13:00:00,37.29,Rainy
SENSOR_0049,2025-12-29 14:00:00,10.86,Cloudy
SENSOR_0031,2025-12-20 09:00:00,92.9,Cloudy
SENSOR_0029,2026-01-02 12:00:00,40.67,Cloudy
SENSOR_0031,2025-12-26 19:00:00,278.94796289600697,Rainy
SENSOR_0050,2026-01-02 18:00:00,10.99,Cloudy
SENSOR_0036,2025-12-23 13:00:00,107.31,Hot
SENSOR_0026,2025-12-18 20:00:00,29.03,Rainy
SENSOR_0034,2025-12-27 10:00:00,238.71,Sunny
SENSOR_0013,2026-01-06 15:00:00,5.36,Rainy
SENSOR_0020,2025-12-17 01:00:00,18.05,Rainy
SENSOR_0027,2026-01-06 04:00:00,118.6,Cold
SENSOR_0030,2025-12-28 10:00:00,48.28,Sunny
SENSOR_0031,2025-12-22 16:00:00,26.99,Cold
SENSOR_0024,2025-12-23 14:00:00,206.02,Rainy
SENSOR_0025,2026-01-01 10:00:00,,Cloudy
SENSOR_0034,2026-01-05 12:00:00,23.49,Rainy
SENSOR_0003,2026-01-05 07:00:00,490.66,Cloudy
SENSOR_0012,2026-01-07 07:00:00,33.26,Hot
SENSOR_0050,2026-01-07 21:00:00,87.26,Cold
SENSOR_0012,2025-12-23 22:00:00,46.4,Cold
SENSOR_0016,2025-12-19 19:00:00,40.65,Cold
SENSOR_0009,2025-12-28 05:00:00,234.07,Hot
SENSOR_0050,2025-12-15 09:00:00,8.77,Rainy
SENSOR_0042,2026-01-06 18:00:00,19.37,Cold
SENSOR_0038,2025-12-26 13:00:00,210.25273437538664,Cloudy
SENSOR_0014,2025-12-11 20:00:00,61.52,Rainy
SENSOR_0005,2025-12-10 14:00:00,5.8,Cloudy
SENSOR_0004,2025-12-28 07:00:00,26.11,Cold
SENSOR_0043,2025-12-11 20:00:00,12.41,Sunny
SENSOR_0046,2025-12-27 19:00:00,4.7,Cold
SENSOR_0011,2025-12-30 13:00:00,96.85522557226923,Sunny
SENSOR_0006,2026-01-05 01:00:00,34.79,Cloudy
SENSOR_0049,2026-01-01 07:00:00,64.9,Cloudy
SENSOR_0046,2026-01-08 01:00:00,56.68,Hot
SENSOR_0002,2025-12-31 10:00:00,43.83,Rainy
SENSOR_0004,2025-12-21 12:00:00,241.88,Cloudy
SENSOR_0038,2025-12-11 13:00:00,6.733259974073285,Rainy
SENSOR_0024,2026-01-07 00:00:00,29.43,Cloudy
SENSOR_0012,2025-12-13 07:00:00,82.79,Cloudy
SENSOR_0018,2025-12-29 22:00:00,428.5,Cold
SENSOR_0045,2025-12-18 18:00:00,84.32,Sunny
SENSOR_0043,2025-12-11 20:00:00,13.34,Sunny
SENSOR_0046,2025-12-27 06:00:00,103.25,Sunny
SENSOR_0050,2025-12-10 08:00:00,40.98,Hot
SENSOR_0037,2025-12-23 18:00:00,26.85,Sunny
SENSOR_0004,2025-12-24 14:00:00,14.02,Sunny
SENSOR_0029,2025-12-12 03:00:00,99.17,Sunny
SENSOR_0032,2025-12-12 18:00:00,408.72,Rainy
SENSOR_0004,2025-12-20 19:00:00,55.72,Sunny
SENSOR_0043,2025-12-28 17:00:00,,Cold
SENSOR_0038,2025-12-17 06:00:00,63.64,Sunny
SENSOR_0012,2025-12-30 16:00:00,82.88,Rainy
SENSOR_0049,2025-12-13 14:00:00,,Cloudy
SENSOR_0022,2025-12-15 12:00:00,435.24,Cloudy
SENSOR_0050,2025-12-21 21:00:00,409.06,Sunny
SENSOR_0002,2025-12-20 15:00:00,,Sunny
SENSOR_0049,2026-01-02 13:00:00,36.2,Sunny
SENSOR_0032,2026-01-06 00:00:00,78.08,Hot
SENSOR_0034,2025-12-17 22:00:00,93.73,Cold
SENSOR_0005,2025-12-22 01:00:00,282.05,Hot
SENSOR_0015,2025-12-15 03:00:00,31.39,Hot
SENSOR_0029,2026-01-05 12:00:00,439.75,Sunny
SENSOR_0010,2025-12-18 22:00:00,71.1,Cloudy
SENSOR_0043,2025-12-19 17:00:00,59.76,Cold
SENSOR_0001,2026-01-03 17:00:00,52.55,Rainy
SENSOR_0033,2025-12-27 03:00:00,85.44,Sunny
SENSOR_0022,2025-12-30 10:00:00,35.84,Rainy
SENSOR_0005,2026-01-08 01:00:00,70.44,Sunny
SENSOR_0039,2026-01-03 11:00:00,,Sunny
SENSOR_0043,2025-12-26 22:00:00,8.44,Hot
SENSOR_0043,2025-12-09 20:00:00,18.76,Sunny
SENSOR_0010,2025-12-30 14:00:00,9.06,Sunny
SENSOR_0046,2026-01-02 18:00:00,17.05,Cold
SENSOR_0009,2025-12-20 15:00:00,185.6,Rainy
SENSOR_0009,2025-12-14 18:00:00,95.09,Rainy
SENSOR_0015,2026-01-01 22:00:00,23.49,Cloudy
SENSOR_0015,2025-12-21 16:00:00,33.22,Hot
SENSOR_0039,2025-12-16 16:00:00,27.83,Hot
SENSOR_0030,2025-12-29 00:00:00,,Cold
SENSOR_0045,2025-12-10 09:00:00,33.0,Cold
SENSOR_0001,2026-01-03 12:00:00,85.41,Rainy
SENSOR_0022,2025-12-15 17:00:00,495.16,Hot
SENSOR_0034,2025-12-10 12:00:00,356.74,Cloudy
SENSOR_0040,2026-01-02 11:00:00,37.35,Cold
SENSOR_0008,2025-12-31 14:00:00,97.87,Rainy
SENSOR_0030,2026-01-01 16:00:00,50.22,Rainy
SENSOR_0044,2026-01-06 18:00:00,159.3,Sunny
SENSOR_0033,2025-12-11 07:00:00,432.23,Sunny
SENSOR_0033,2025-12-23 22:00:00,36.95,Cloudy
SENSOR_0020,2025-12-16 06:00:00,66.69,Cold
SENSOR_0043,2026-01-06 20:00:00,110.74,Cold
SENSOR_0021,2025-12-26 05:00:00,63.17,Sunny
SENSOR_0031,2026-01-05 16:00:00,,Cloudy
SENSOR_0013,2025-12-23 00:00:00,111.19,Cloudy
SENSOR_0023,2026-01-06 22:00:00,52.62,Cloudy
SENSOR_0028,2025-12-14 01:00:00,51.9,Rainy
SENSOR_0043,2026-01-04 11:00:00,26.68,Sunny
SENSOR_0005,2025-12-25 05:00:00,68.39,Cold
SENSOR_0020,2025-12-25 12:00:00,443.83,Cold
SENSOR_0047,2025-12-24 03:00:00,216.41,Sunny
SENSOR_0020,2025-12-25 16:00:00,15.6,Rainy
SENSOR_0029,2025-12-19 02:00:00,92.23,Cloudy
SENSOR_0001,2025-12-10 02:00:00,178.06,Sunny
SENSOR_0034,2025-12-11 15:00:00,24.15,Cloudy
SENSOR_0027,2025-12-21 00:00:00,18.84,Sunny
SENSOR_0004,2026-01-01 03:00:00,227.23,Sunny
SENSOR_0015,2026-01-08 02:00:00,7.6,Cloudy
SENSOR_0049,2026-01-07 04:00:00,,Rainy
SENSOR_0036,2025-12-21 20:00:00,50.89,Cold
SENSOR_0031,2025-12-17 01:00:00,95.03,Cold
SENSOR_0022,2025-12-14 14:00:00,99.01,Rainy
SENSOR_0011,2025-12-27 09:00:00,30.08,Rainy
SENSOR_0018,2025-12-31 21:00:00,,Rainy
SENSOR_0048,2026-01-03 10:00:00,68.0,Cold
SENSOR_0013,2025-12-15 06:00:00,4.54,Cloudy
SENSOR_0001,2026-01-06 17:00:00,411.93,Sunny
SENSOR_0017,2025-12-21 11:00:00,52.16,Cloudy
SENSOR_0014,2025-12-14 17:00:00,106.37,Cold
SENSOR_0012,2025-12-31 10:00:00,64.88,Hot
SENSOR_0010,2025-12-30 17:00:00,33.47,Cloudy
SENSOR_0015,2025-12-18 14:00:00,27.02,Rainy
SENSOR_0008,2025-12-11 01:00:00,21.48,Cold
SENSOR_0011,2025-12-16 11:00:00,,Sunny
SENSOR_0042,2025-12-20 09:00:00,266.05,Cloudy
SENSOR_0004,2025-12-31 09:00:00,81.54,Rainy
SENSOR_0018,2025-12-14 16:00:00,88.61,Rainy
SENSOR_0039,2025-12-28 15:00:00,48.01,Sunny
SENSOR_0039,2025-12-13 05:00:00,59.39,Cloudy
SENSOR_0024,2025-12-30 11:00:00,65.66,Cloudy
SENSOR_0002,2025-12-21 01:00:00,96.04,Rainy
SENSOR_0049,2025-12-10 16:00:00,29.78,Rainy
SENSOR_0010,2025-12-28 07:00:00,94.89,Sunny
SENSOR_0005,2025-12-29 09:00:00,81.76,Cloudy
SENSOR_0019,2025-12-16 14:00:00,42.62,Sunny
SENSOR_0039,2026-01-07 22:00:00,35.61,Hot
SENSOR_0008,2026-01-07 18:00:00,94.06,Rainy
SENSOR_0048,2025-12-19 14:00:00,56.53,Hot
SENSOR_0007,2025-12-31 21:00:00,80.65,Rainy
SENSOR_0044,2025-12-23 19:00:00,204.29,Cloudy
SENSOR_0036,2025-12-22 06:00:00,1.02,Sunny
SENSOR_0048,2026-01-07 21:00:00,34.31,Rainy
SENSOR_0014,2025-12-24 11:00:00,786.9963713754438,Rainy
SENSOR_0033,2025-12-21 14:00:00,106.72,Sunny
SENSOR_0049,2025-12-26 17:00:00,100.89,Hot
SENSOR_0002,2025-12-10 16:00:00,79.69,Cloudy
SENSOR_0034,2025-12-15 20:00:00,28.68,Sunny
SENSOR_0038,2025-12-30 00:00:00,28.27,Cold
SENSOR_0021,2025-12-20 20:00:00,83.13,Sunny
SENSOR_0024,2025-12-10 19:00:00,42.55,Hot
SENSOR_0012,2026-01-01 18:00:00,99.46,Hot
SENSOR_0028,2026-01-03 22:00:00,4.33,Cloudy
SENSOR_0014,2025-12-23 13:00:00,73.66,Cold
SENSOR_0025,2025-12-12 21:00:00,37.16,Sunny
SENSOR_0026,2025-12-21 15:00:00,21.33,Hot
SENSOR_0027,2025-12-16 17:00:00,10.71,Sunny
SENSOR_0037,2025-12-18 13:00:00,84.73,Hot
SENSOR_0045,2026-01-01 18:00:00,103.26,Cloudy
SENSOR_0035,2025-12-11 06:00:00,93.14,Cold
SENSOR_0002,2025-12-26 01:00:00,88.7,Hot
SENSOR_0001,2025-12-18 18:00:00,311.88,Cloudy
SENSOR_0007,2025-12-29 08:00:00,103.93,Cold
SENSOR_0021,2026-01-05 14:00:00,24.69,Rainy
SENSOR_0006,2025-12-12 04:00:00,449.24,Sunny
SENSOR_0010,2025-12-25 13:00:00,31.97,Sunny
SENSOR_0048,2025-12-19 21:00:00,283.48,Rainy
SENSOR_0035,2025-12-31 13:00:00,168.29,Cloudy
SENSOR_0008,2025-12-25 16:00:00,7.55,Rainy
SENSOR_0014,2025-12-29 22:00:00,75.55,Hot
SENSOR_0046,2025-12-28 23:00:00,4.44,Rainy
SENSOR_0013,2025-12-18 23:00:00,76.77,Cloudy
SENSOR_0017,2025-12-25 15:00:00,60.78,Hot
SENSOR_0037,2026-01-04 17:00:00,88.84,Sunny
SENSOR_0008,2025-12-23 09:00:00,92.56,Hot
SENSOR_0048,2025-12-30 16:00:00,42.48,Rainy
SENSOR_0031,2026-01-01 18:00:00,22.41,Rainy
SENSOR_0019,2025-12-14 14:00:00,76.79,Rainy
SENSOR_0015,2025-12-13 01:00:00,44.46,Rainy
SENSOR_0043,2025-12-21 10:00:00,43.3,Sunny
SENSOR_0024,2025-12-12 14:00:00,255.44,Sunny
SENSOR_0032,2025-12-30 23:00:00,109.53,Cold
SENSOR_0010,2025-12-28 19:00:00,118.28,Cloudy
SENSOR_0010,2025-12-29 20:00:00,,Cold
SENSOR_0017,2026-01-05 10:00:00,51.72,Cold
SENSOR_0007,2026-01-08 08:00:00,79.65,Sunny
SENSOR_0028,2025-12-29 18:00:00,32.03,Sunny
SENSOR_0029,2025-12-17 09:00:00,,Rainy
SENSOR_0011,2025-12-25 10:00:00,18.55,Hot
SENSOR_0006,2025-12-10 21:00:00,,Cloudy
SENSOR_0013,2025-12-23 11:00:00,67.25,Sunny
SENSOR_0048,2025-12-21 17:00:00,91.5,Cold
SENSOR_0009,2025-12-12 23:00:00,16.19,Cold
SENSOR_0041,2026-01-08 18:00:00,92.61,Rainy
SENSOR_0031,2026-01-02 18:00:00,55.5,Cloudy
SENSOR_0010,2025-12-23 14:00:00,181.32,Cloudy
SENSOR_0032,2026-01-07 20:00:00,101.54,Cold
SENSOR_0045,2025-12-11 00:00:00,10.09,Rainy
SENSOR_0013,2025-12-25 20:00:00,69.22,Rainy
SENSOR_0050,2025-12-31 19:00:00,14.97,Hot
SENSOR_0012,2025-12-20 22:00:00,,Sunny
SENSOR_0008,2025-12-20 07:00:00,29.58,Cloudy
SENSOR_0012,2025-12-26 20:00:00,105.21,Rainy
SENSOR_0049,2025-12-26 17:00:00,42.04,Sunny
SENSOR_0048,2025-12-12 02:00:00,11.22,Cloudy
SENSOR_0011,2025-12-18 01:00:00,58.67,Rainy
SENSOR_0008,2025-12-15 01:00:00,110.34,Sunny
SENSOR_0001,2025-12-31 04:00:00,80.9,Cold
SENSOR_0046,2025-12-23 18:00:00,472.21,Cold
SENSOR_0006,2026-01-05 06:00:00,41.59,Hot
SENSOR_0037,2025-12-10 18:00:00,12.52,Hot
SENSOR_0038,2025-12-21 10:00:00,56.78,Cloudy
SENSOR_0018,2025-12-15 20:00:00,15.73,Hot
SENSOR_0045,2026-01-04 07:00:00,134.17,Cloudy
SENSOR_0016,2025-12-24 23:00:00,26.44,Sunny
SENSOR_0050,2025-12-20 17:00:00,30.09,Rainy
SENSOR_0005,2026-01-01 21:00:00,25.67,Cloudy
SENSOR_0025,2026-01-05 04:00:00,62.76,Cloudy
SENSOR_0030,2025-12-31 07:00:00,106.58,Cold
SENSOR_0009,2025-12-23 04:00:00,92.14,Cloudy
SENSOR_0027,2025-12-24 00:00:00,343.32963996113284,Hot
SENSOR_0005,2025-12-21 10:00:00,71.13,Sunny
SENSOR_0035,2025-12-14 19:00:00,44.5,Cold
SENSOR_0017,2025-12-24 19:00:00,14.25,Sunny
SENSOR_0049,2025-12-22 09:00:00,71.645993477193,Cloudy
SENSOR_0044,2025-12-19 10:00:00,29.77,Cold
SENSOR_0023,2025-12-30 05:00:00,,Cold
SENSOR_0042,2025-12-16 17:00:00,327.89,Cold
SENSOR_0012,2025-12-11 16:00:00,95.51,Rainy
SENSOR_0036,2025-12-13 11:00:00,18.95,Sunny
SENSOR_0036,2025-12-12 00:00:00,,Hot
SENSOR_0008,2025-12-22 15:00:00,9.069925875090947,Sunny
SENSOR_0030,2026-01-05 08:00:00,381.76,Hot
SENSOR_0015,2025-12-28 23:00:00,5.7,Cold
SENSOR_0004,2025-12-14 04:00:00,48.88,Sunny
SENSOR_0015,2025-12-13 03:00:00,117.77,Rainy
SENSOR_0042,2025-12-29 18:00:00,,Hot
SENSOR_0027,2026-01-07 18:00:00,83.25,Cold
SENSOR_0019,2025-12-13 21:00:00,371.93,Hot
SENSOR_0023,2025-12-12 11:00:00,5.94,Cold
SENSOR_0045,2026-01-04 13:00:00,193.88,Rainy
SENSOR_0005,2025-12-14 10:00:00,36.01,Rainy
SENSOR_0021,2025-12-27 03:00:00,414.46,Cold
SENSOR_0040,2025-12-28 17:00:00,45.64,Cold
SENSOR_0050,2026-01-08 10:00:00,53.42,Hot
SENSOR_0028,2025-12-30 02:00:00,28.78,Hot
SENSOR_0039,2025-12-31 13:00:00,1.07,Hot
SENSOR_0049,2025-12-23 09:00:00,433.82,Rainy
SENSOR_0024,2025-12-28 17:00:00,36.1,Cloudy
SENSOR_0021,2025-12-18 19:00:00,66.48,Rainy
SENSOR_0006,2025-12-13 15:00:00,97.42,Cloudy
SENSOR_0036,2025-12-21 15:00:00,150.21,Cloudy
SENSOR_0018,2025-12-18 18:00:00,58.09,Cold
SENSOR_0036,2025-12-25 22:00:00,34.75,Sunny
SENSOR_0037,2025-12-22 01:00:00,25.65,Rainy
SENSOR_0034,2025-12-23 11:00:00,108.04,Rainy
SENSOR_0022,2025-12-11 08:00:00,39.13,Cold
SENSOR_0036,2026-01-07 23:00:00,47.86,Rainy
SENSOR_0037,2025-12-10 22:00:00,82.72,Rainy
SENSOR_0037,2025-12-12 12:00:00,41.46,Cold
SENSOR_0029,2025-12-12 13:00:00,77.43,Sunny
SENSOR_0013,2025-12-15 14:00:00,113.78,Hot
SENSOR_0007,2025-12-19 18:00:00,32.17,Sunny
SENSOR_0006,2026-01-02 19:00:00,29.35,Rainy
SENSOR_0004,2025-12-17 22:00:00,320.87,Rainy
SENSOR_0025,2025-12-20 17:00:00,10.11,Hot
SENSOR_0030,2025-12-30 22:00:00,32.11,Rainy
SENSOR_0023,2026-01-03 16:00:00,24.76,Cold
SENSOR_0021,2025-12-24 10:00:00,193.84,Hot
SENSOR_0016,2026-01-03 08:00:00,92.1,Hot
SENSOR_0031,2025-12-22 23:00:00,136.20444755236107,Rainy
SENSOR_0016,2026-01-02 13:00:00,0.84,Sunny
SENSOR_0031,2026-01-06 12:00:00,33.02,Sunny
SENSOR_0024,2025-12-23 19:00:00,39.38,Hot
SENSOR_0048,2025-12-18 00:00:00,34.98,Cloudy
SENSOR_0044,2026-01-04 21:00:00,107.46,Rainy
SENSOR_0050,2025-12-31 19:00:00,30.13,Sunny
SENSOR_0005,2025-12-29 08:00:00,24.07,Rainy
SENSOR_0046,2025-12-14 19:00:00,260.82,Rainy
SENSOR_0019,2025-12-20 13:00:00,22.33,Sunny
SENSOR_0047,2025-12-19 14:00:00,34.85,Sunny
SENSOR_0018,2025-12-17 03:00:00,33.41,Rainy
SENSOR_0046,2026-01-02 14:00:00,48.68,Cold
SENSOR_0018,2026-01-06 02:00:00,362.9,Rainy
SENSOR_0039,2025-12-13 04:00:00,21.24,Hot
SENSOR_0002,2026-01-02 20:00:00,409.56,Cold
SENSOR_0032,2025-12-13 05:00:00,,Cold
SENSOR_0042,2025-12-20 02:00:00,26.53,Cold
SENSOR_0042,2026-01-06 10:00:00,32.78,Cloudy
SENSOR_0040,2025-12-24 10:00:00,73.97,Cloudy
SENSOR_0002,2025-12-28 04:00:00,265.91,Sunny
SENSOR_0050,2025-12-11 04:00:00,118.23,Rainy
SENSOR_0030,2025-12-17 21:00:00,327.86,Rainy
SENSOR_0011,2026-01-01 03:00:00,38.24,Hot
SENSOR_0014,2025-12-31 15:00:00,29.49,Rainy
SENSOR_0033,2025-12-11 12:00:00,28.48,Hot
SENSOR_0005,2026-01-07 07:00:00,76.68,Cloudy
SENSOR_0026,2025-12-28 07:00:00,89.07,Cold
SENSOR_0007,2025-12-10 13:00:00,410.78,Cold
SENSOR_0016,2025-12-26 17:00:00,40.83,Cold
SENSOR_0032,2025-12-13 07:00:00,5.31,Cold
SENSOR_0018,2025-12-23 15:00:00,35.83,Cold
SENSOR_0024,2025-12-25 14:00:00,81.77,Hot
SENSOR_0009,2026-01-01 00:00:00,98.77,Rainy
SENSOR_0006,2025-12-31 05:00:00,23.24,Hot
SENSOR_0026,2026-01-08 08:00:00,65.15,Hot
SENSOR_0033,2025-12-25 08:00:00,0.87,Sunny
SENSOR_0032,2025-12-22 18:00:00,17.35,Sunny
SENSOR_0020,2025-12-23 15:00:00,,Hot
SENSOR_0035,2025-12-20 17:00:00,21.88,Rainy
SENSOR_0002,2026-01-06 15:00:00,31.87,Cold
SENSOR_0044,2025-12-21 05:00:00,19.8,Rainy
SENSOR_0049,2025-12-31 00:00:00,10.7,Rainy
SENSOR_0012,2025-12-19 10:00:00,58.88,Hot
SENSOR_0020,2026-01-01 00:00:00,43.57,Rainy
SENSOR_0028,2025-12-23 15:00:00,66.26,Cloudy
SENSOR_0044,2026-01-01 14:00:00,,Hot
SENSOR_0020,2025-12-24 20:00:00,,Sunny
SENSOR_0041,2025-12-22 21:00:00,32.24,Rainy
SENSOR_0008,2026-01-01 07:00:00,80.2,Rainy
SENSOR_0006,2025-12-31 15:00:00,251.66,Hot
SENSOR_0043,2025-12-25 15:00:00,191.95,Cloudy
SENSOR_0042,2025-12-20 20:00:00,36.78,Cold
SENSOR_0047,2025-12-15 12:00:00,82.66,Cold
